acousticness,analysis_url,danceability,duration_ms,energy,id,instrumentalness,key,liveness,loudness,mode,speechiness,tempo,time_signature,track_href,type,uri,valence,popularity,artist,Genre,,
0.000211,https://api.spotify.com/v1/audio-analysis/703A6C2s5lIu5lkyO7AVQF,0.518,204115,0.901,703A6C2s5lIu5lkyO7AVQF,0,8,0.277,-5.17,1,0.0638,115.289,4,https://api.spotify.com/v1/tracks/703A6C2s5lIu5lkyO7AVQF,audio_features,spotify:track:703A6C2s5lIu5lkyO7AVQF,0.536,52,With Confidence,Punk,,
0.0000347,https://api.spotify.com/v1/audio-analysis/4WTA9vZiZqeTiHsS4VUbd3,0.497,182893,0.941,4WTA9vZiZqeTiHsS4VUbd3,0.00000865,8,0.108,-5.112,1,0.0847,125.047,4,https://api.spotify.com/v1/tracks/4WTA9vZiZqeTiHsS4VUbd3,audio_features,spotify:track:4WTA9vZiZqeTiHsS4VUbd3,0.5,48,Coldfront,Punk,,
0.00412,https://api.spotify.com/v1/audio-analysis/2DdQUpye64CYDB9Hahf3Q3,0.474,188880,0.969,2DdQUpye64CYDB9Hahf3Q3,0,8,0.269,-4.576,1,0.13,167.09,4,https://api.spotify.com/v1/tracks/2DdQUpye64CYDB9Hahf3Q3,audio_features,spotify:track:2DdQUpye64CYDB9Hahf3Q3,0.743,37,Silverstein,Punk,,
0.00122,https://api.spotify.com/v1/audio-analysis/4mUt2M3Y4YiQrNJZY9TrOX,0.456,218907,0.916,4mUt2M3Y4YiQrNJZY9TrOX,0,9,0.256,-4.007,1,0.0771,138.036,4,https://api.spotify.com/v1/tracks/4mUt2M3Y4YiQrNJZY9TrOX,audio_features,spotify:track:4mUt2M3Y4YiQrNJZY9TrOX,0.564,54,The Dangerous Summer,Punk,,
0.0000533,https://api.spotify.com/v1/audio-analysis/4uQ3AoIi4pDM1qmxrw7qiA,0.392,180869,0.939,4uQ3AoIi4pDM1qmxrw7qiA,0.000707,2,0.237,-4.366,1,0.0987,194.968,4,https://api.spotify.com/v1/tracks/4uQ3AoIi4pDM1qmxrw7qiA,audio_features,spotify:track:4uQ3AoIi4pDM1qmxrw7qiA,0.608,30,Between You & Me,Punk,,
0.000457,https://api.spotify.com/v1/audio-analysis/5Ej20Rmr49Wdw1ZbMnbtkc,0.562,137844,0.934,5Ej20Rmr49Wdw1ZbMnbtkc,0,1,0.0822,-3.902,1,0.0452,110.015,4,https://api.spotify.com/v1/tracks/5Ej20Rmr49Wdw1ZbMnbtkc,audio_features,spotify:track:5Ej20Rmr49Wdw1ZbMnbtkc,0.697,18,Stand Atlantic,Punk,,
0.000248,https://api.spotify.com/v1/audio-analysis/0UglNndJHMOd1pglbhYShj,0.479,180644,0.981,0UglNndJHMOd1pglbhYShj,0.541,8,0.0521,-2.825,1,0.107,105.089,4,https://api.spotify.com/v1/tracks/0UglNndJHMOd1pglbhYShj,audio_features,spotify:track:0UglNndJHMOd1pglbhYShj,0.481,53,WSTR,Punk,,
0.00272,https://api.spotify.com/v1/audio-analysis/08xPi7YIEmjDkU2UFgQxKm,0.551,186223,0.832,08xPi7YIEmjDkU2UFgQxKm,0.00000482,1,0.102,-4.959,1,0.0437,111.482,4,https://api.spotify.com/v1/tracks/08xPi7YIEmjDkU2UFgQxKm,audio_features,spotify:track:08xPi7YIEmjDkU2UFgQxKm,0.507,71,Neck Deep,Punk,,
0.00359,https://api.spotify.com/v1/audio-analysis/6WoyghnMAvDDRbZfFbpwEo,0.594,218055,0.959,6WoyghnMAvDDRbZfFbpwEo,0.0000134,7,0.101,-4.697,1,0.0486,110.979,4,https://api.spotify.com/v1/tracks/6WoyghnMAvDDRbZfFbpwEo,audio_features,spotify:track:6WoyghnMAvDDRbZfFbpwEo,0.381,58,Knuckle Puck,Punk,,
0.000207,https://api.spotify.com/v1/audio-analysis/5uOJpFbT7SCuwUlVt2n52P,0.376,185419,0.961,5uOJpFbT7SCuwUlVt2n52P,0.0000102,6,0.111,-4.162,1,0.261,120.263,4,https://api.spotify.com/v1/tracks/5uOJpFbT7SCuwUlVt2n52P,audio_features,spotify:track:5uOJpFbT7SCuwUlVt2n52P,0.319,55,With Confidence,Punk,,
0.000247,https://api.spotify.com/v1/audio-analysis/0voMTzS63NGYcGZIftGPaL,0.515,160128,0.938,0voMTzS63NGYcGZIftGPaL,0,1,0.144,-3.762,1,0.0641,138.051,4,https://api.spotify.com/v1/tracks/0voMTzS63NGYcGZIftGPaL,audio_features,spotify:track:0voMTzS63NGYcGZIftGPaL,0.714,43,Northbound,Punk,,
0.00138,https://api.spotify.com/v1/audio-analysis/1EfGvGlyz4LoZqiW2FTp0T,0.431,225200,0.889,1EfGvGlyz4LoZqiW2FTp0T,0,2,0.077,-5.256,1,0.0756,149.969,4,https://api.spotify.com/v1/tracks/1EfGvGlyz4LoZqiW2FTp0T,audio_features,spotify:track:1EfGvGlyz4LoZqiW2FTp0T,0.458,44,You vs Yesterday,Punk,,
0.0006,https://api.spotify.com/v1/audio-analysis/7hAUMWbugB5bSyusuItDdM,0.514,228000,0.956,7hAUMWbugB5bSyusuItDdM,0,1,0.265,-4.305,0,0.0941,113.495,4,https://api.spotify.com/v1/tracks/7hAUMWbugB5bSyusuItDdM,audio_features,spotify:track:7hAUMWbugB5bSyusuItDdM,0.207,51,In Her Own Words,Punk,,
0.000504,https://api.spotify.com/v1/audio-analysis/50UpQeRX0Pebo76v3AK6S1,0.335,207880,0.982,50UpQeRX0Pebo76v3AK6S1,0,8,0.361,-2.397,1,0.185,179.864,4,https://api.spotify.com/v1/tracks/50UpQeRX0Pebo76v3AK6S1,audio_features,spotify:track:50UpQeRX0Pebo76v3AK6S1,0.23,54,Carousel Kings,Punk,,
0.0000091,https://api.spotify.com/v1/audio-analysis/1mjcyWQPFsoG1Cb6Gl33Tk,0.426,188493,0.922,1mjcyWQPFsoG1Cb6Gl33Tk,0.73,1,0.0841,-4.373,1,0.072,180.03,4,https://api.spotify.com/v1/tracks/1mjcyWQPFsoG1Cb6Gl33Tk,audio_features,spotify:track:1mjcyWQPFsoG1Cb6Gl33Tk,0.697,44,We Set Signals,Punk,,
0.000612,https://api.spotify.com/v1/audio-analysis/30Ta8eiCEs024RRlqFaXSH,0.524,228770,0.96,30Ta8eiCEs024RRlqFaXSH,0,2,0.151,-4.175,1,0.1,92.49,4,https://api.spotify.com/v1/tracks/30Ta8eiCEs024RRlqFaXSH,audio_features,spotify:track:30Ta8eiCEs024RRlqFaXSH,0.715,43,5 Year Plan,Punk,,
0.0000928,https://api.spotify.com/v1/audio-analysis/4sKlbl73busIg5e7n42wQ6,0.362,215302,0.983,4sKlbl73busIg5e7n42wQ6,0.418,4,0.112,-3.805,1,0.113,164.977,4,https://api.spotify.com/v1/tracks/4sKlbl73busIg5e7n42wQ6,audio_features,spotify:track:4sKlbl73busIg5e7n42wQ6,0.205,56,Real Friends,Punk,,
0.000205,https://api.spotify.com/v1/audio-analysis/50LRqlAyOTzcndexDuRCo8,0.599,178533,0.909,50LRqlAyOTzcndexDuRCo8,0.0000034,0,0.0796,-4.523,0,0.0481,116.074,4,https://api.spotify.com/v1/tracks/50LRqlAyOTzcndexDuRCo8,audio_features,spotify:track:50LRqlAyOTzcndexDuRCo8,0.664,18,Seaway,Punk,,
0.00401,https://api.spotify.com/v1/audio-analysis/4Vqzk54KqGFjLAKb0LlLYy,0.578,208081,0.887,4Vqzk54KqGFjLAKb0LlLYy,0,1,0.321,-5.061,1,0.0515,136.017,4,https://api.spotify.com/v1/tracks/4Vqzk54KqGFjLAKb0LlLYy,audio_features,spotify:track:4Vqzk54KqGFjLAKb0LlLYy,0.61,41,"Sincerely, Me",Punk,,
0.00863,https://api.spotify.com/v1/audio-analysis/6Xmf2Rn6AvBeZSNkZx5z0C,0.576,195320,0.972,6Xmf2Rn6AvBeZSNkZx5z0C,0,1,0.225,-2.982,1,0.0801,144.008,3,https://api.spotify.com/v1/tracks/6Xmf2Rn6AvBeZSNkZx5z0C,audio_features,spotify:track:6Xmf2Rn6AvBeZSNkZx5z0C,0.38,51,Like Pacific,Punk,,
0.0000617,https://api.spotify.com/v1/audio-analysis/2pqeFnY1duf6oFMuywKnOc,0.428,149640,0.93,2pqeFnY1duf6oFMuywKnOc,0.000679,0,0.334,-4.241,0,0.103,156.953,4,https://api.spotify.com/v1/tracks/2pqeFnY1duf6oFMuywKnOc,audio_features,spotify:track:2pqeFnY1duf6oFMuywKnOc,0.776,43,Shorelines,Punk,,
0.000109,https://api.spotify.com/v1/audio-analysis/1ZhOcj70pYmdPxs3zjYfdf,0.585,188240,0.978,1ZhOcj70pYmdPxs3zjYfdf,0,11,0.321,-2.634,1,0.095,100.036,4,https://api.spotify.com/v1/tracks/1ZhOcj70pYmdPxs3zjYfdf,audio_features,spotify:track:1ZhOcj70pYmdPxs3zjYfdf,0.716,48,State Champs,Punk,,
0.0000286,https://api.spotify.com/v1/audio-analysis/1aT0mM9TkZyY5tqWisZyWj,0.295,192417,0.985,1aT0mM9TkZyY5tqWisZyWj,0.265,1,0.126,-3.569,1,0.135,94.098,4,https://api.spotify.com/v1/tracks/1aT0mM9TkZyY5tqWisZyWj,audio_features,spotify:track:1aT0mM9TkZyY5tqWisZyWj,0.447,48,WSTR,Punk,,
0.0182,https://api.spotify.com/v1/audio-analysis/2aOxZBhjijcX7PVpikDmmq,0.596,225832,0.92,2aOxZBhjijcX7PVpikDmmq,0.000133,0,0.32,-6.89,0,0.059,135,4,https://api.spotify.com/v1/tracks/2aOxZBhjijcX7PVpikDmmq,audio_features,spotify:track:2aOxZBhjijcX7PVpikDmmq,0.7,57,Moose Blood,Punk,,
0.0000449,https://api.spotify.com/v1/audio-analysis/3hM8QJRbPfkmcRVJwxzn9q,0.493,208160,0.952,3hM8QJRbPfkmcRVJwxzn9q,0,2,0.101,-5.138,1,0.0812,143.041,4,https://api.spotify.com/v1/tracks/3hM8QJRbPfkmcRVJwxzn9q,audio_features,spotify:track:3hM8QJRbPfkmcRVJwxzn9q,0.379,39,Stories Untold,Punk,,
0.000696,https://api.spotify.com/v1/audio-analysis/7hRrSmE4ZQrLxBK8hnBUJx,0.317,240853,0.876,7hRrSmE4ZQrLxBK8hnBUJx,0.0000333,1,0.0907,-3.764,1,0.0586,122.691,5,https://api.spotify.com/v1/tracks/7hRrSmE4ZQrLxBK8hnBUJx,audio_features,spotify:track:7hRrSmE4ZQrLxBK8hnBUJx,0.323,17,Seaway,Punk,,
0.000585,https://api.spotify.com/v1/audio-analysis/5kBXJ9V4i822ZdyHgwSh0o,0.53,191606,0.931,5kBXJ9V4i822ZdyHgwSh0o,0.00294,5,0.0741,-5.054,0,0.0529,130.997,4,https://api.spotify.com/v1/tracks/5kBXJ9V4i822ZdyHgwSh0o,audio_features,spotify:track:5kBXJ9V4i822ZdyHgwSh0o,0.301,50,Broadside,Punk,,
0.00213,https://api.spotify.com/v1/audio-analysis/18FZgIe8WGpvTGFmwdW4sY,0.549,184907,0.931,18FZgIe8WGpvTGFmwdW4sY,0.0000031,11,0.167,-4.528,1,0.0587,132.048,4,https://api.spotify.com/v1/tracks/18FZgIe8WGpvTGFmwdW4sY,audio_features,spotify:track:18FZgIe8WGpvTGFmwdW4sY,0.756,44,Hopes on Hold,Punk,,
0.000174,https://api.spotify.com/v1/audio-analysis/4vRBE71wAPAWXnGik9Qgxc,0.498,214534,0.928,4vRBE71wAPAWXnGik9Qgxc,0,1,0.194,-5.857,1,0.077,97.085,4,https://api.spotify.com/v1/tracks/4vRBE71wAPAWXnGik9Qgxc,audio_features,spotify:track:4vRBE71wAPAWXnGik9Qgxc,0.342,42,Eternal Boy,Punk,,
0.024,https://api.spotify.com/v1/audio-analysis/1N7Aep1OewK9diaN9WbuuR,0.581,191545,0.922,1N7Aep1OewK9diaN9WbuuR,0,1,0.202,-3.408,0,0.0666,118.408,4,https://api.spotify.com/v1/tracks/1N7Aep1OewK9diaN9WbuuR,audio_features,spotify:track:1N7Aep1OewK9diaN9WbuuR,0.58,58,Waterparks,Punk,,
0.000116,https://api.spotify.com/v1/audio-analysis/44RrOIa9ziCFW9YC6ndAUL,0.522,187561,0.996,44RrOIa9ziCFW9YC6ndAUL,0.0000105,10,0.252,-4.316,0,0.186,96.477,4,https://api.spotify.com/v1/tracks/44RrOIa9ziCFW9YC6ndAUL,audio_features,spotify:track:44RrOIa9ziCFW9YC6ndAUL,0.142,57,Four Year Strong,Punk,,
0.000693,https://api.spotify.com/v1/audio-analysis/12T4p260NEZNDFRwcoTc5Q,0.541,156397,0.96,12T4p260NEZNDFRwcoTc5Q,0,11,0.0768,-3.616,1,0.111,101.071,4,https://api.spotify.com/v1/tracks/12T4p260NEZNDFRwcoTc5Q,audio_features,spotify:track:12T4p260NEZNDFRwcoTc5Q,0.459,52,State Champs,Punk,,
0.000908,https://api.spotify.com/v1/audio-analysis/3wiYAlqOqmABujoeBFxBWL,0.542,233360,0.938,3wiYAlqOqmABujoeBFxBWL,0.00000677,4,0.0803,-2.436,1,0.0394,110.997,4,https://api.spotify.com/v1/tracks/3wiYAlqOqmABujoeBFxBWL,audio_features,spotify:track:3wiYAlqOqmABujoeBFxBWL,0.573,39,A Step Ahead,Punk,,
0.00129,https://api.spotify.com/v1/audio-analysis/0lWTRoRtT3KoyGEHohj6oS,0.726,187000,0.944,0lWTRoRtT3KoyGEHohj6oS,0,2,0.529,-4.098,1,0.0276,110.02,4,https://api.spotify.com/v1/tracks/0lWTRoRtT3KoyGEHohj6oS,audio_features,spotify:track:0lWTRoRtT3KoyGEHohj6oS,0.648,50,Grayscale,Punk,,
0.000858,https://api.spotify.com/v1/audio-analysis/6YbckOuZKwkicjSXgYRnNN,0.544,188160,0.918,6YbckOuZKwkicjSXgYRnNN,0,8,0.0768,-3.875,1,0.0685,129.018,4,https://api.spotify.com/v1/tracks/6YbckOuZKwkicjSXgYRnNN,audio_features,spotify:track:6YbckOuZKwkicjSXgYRnNN,0.668,43,7 Minutes In Heaven,Punk,,
0.000868,https://api.spotify.com/v1/audio-analysis/1Wc4oMYsjCqMSDQST8oXEr,0.241,177924,0.916,1Wc4oMYsjCqMSDQST8oXEr,0,8,0.031,-3.9,1,0.168,186.797,4,https://api.spotify.com/v1/tracks/1Wc4oMYsjCqMSDQST8oXEr,audio_features,spotify:track:1Wc4oMYsjCqMSDQST8oXEr,0.668,54,Goldfinger,Punk,,
0.00147,https://api.spotify.com/v1/audio-analysis/7Ez3CVp6gljEwsd0OV3lwJ,0.465,160831,0.994,7Ez3CVp6gljEwsd0OV3lwJ,0,2,0.308,-2.702,1,0.0821,165.027,4,https://api.spotify.com/v1/tracks/7Ez3CVp6gljEwsd0OV3lwJ,audio_features,spotify:track:7Ez3CVp6gljEwsd0OV3lwJ,0.615,52,ROAM,Punk,,
0.000327,https://api.spotify.com/v1/audio-analysis/35KjOweaK8Ryq6y8tBi6wv,0.392,234042,0.995,35KjOweaK8Ryq6y8tBi6wv,0,11,0.281,-0.912,1,0.121,169.922,4,https://api.spotify.com/v1/tracks/35KjOweaK8Ryq6y8tBi6wv,audio_features,spotify:track:35KjOweaK8Ryq6y8tBi6wv,0.288,42,World War Me,Punk,,
0.000596,https://api.spotify.com/v1/audio-analysis/60v4DsrZZkKIIqIjpkf5WW,0.642,192318,0.95,60v4DsrZZkKIIqIjpkf5WW,0.000518,0,0.343,-4.027,1,0.0698,115.5,4,https://api.spotify.com/v1/tracks/60v4DsrZZkKIIqIjpkf5WW,audio_features,spotify:track:60v4DsrZZkKIIqIjpkf5WW,0.642,43,For The Win,Punk,,
0.000454,https://api.spotify.com/v1/audio-analysis/0hY4hVMVI2DXpKDW06Dx69,0.43,245133,0.952,0hY4hVMVI2DXpKDW06Dx69,0.349,0,0.0975,-5.313,1,0.15,139.995,4,https://api.spotify.com/v1/tracks/0hY4hVMVI2DXpKDW06Dx69,audio_features,spotify:track:0hY4hVMVI2DXpKDW06Dx69,0.479,36,Summer Wars,Punk,,
0.000329,https://api.spotify.com/v1/audio-analysis/70OXtubiy8YvV6bWXr9xMA,0.458,183000,0.823,70OXtubiy8YvV6bWXr9xMA,0.021,9,0.0975,-4.534,1,0.11,167.147,4,https://api.spotify.com/v1/tracks/70OXtubiy8YvV6bWXr9xMA,audio_features,spotify:track:70OXtubiy8YvV6bWXr9xMA,0.556,63,Neck Deep,Punk,,
0.00675,https://api.spotify.com/v1/audio-analysis/3NKAMwsZhXxUkdKSpwQLnR,0.366,193366,0.958,3NKAMwsZhXxUkdKSpwQLnR,0.0000225,8,0.0924,-4.556,1,0.117,165.004,4,https://api.spotify.com/v1/tracks/3NKAMwsZhXxUkdKSpwQLnR,audio_features,spotify:track:3NKAMwsZhXxUkdKSpwQLnR,0.404,39,Across the Atlantic,Punk,,
0.00158,https://api.spotify.com/v1/audio-analysis/6wT9p6z1LtoQ3lqPPeVR0K,0.477,218253,0.955,6wT9p6z1LtoQ3lqPPeVR0K,0.0000146,1,0.184,-3.131,1,0.124,169.83,4,https://api.spotify.com/v1/tracks/6wT9p6z1LtoQ3lqPPeVR0K,audio_features,spotify:track:6wT9p6z1LtoQ3lqPPeVR0K,0.445,40,Sleep On It,Punk,,
0.000409,https://api.spotify.com/v1/audio-analysis/2mmdJZB3Q9c58DcZJenjb4,0.322,158974,0.986,2mmdJZB3Q9c58DcZJenjb4,0,6,0.0828,-2.409,0,0.153,169.796,4,https://api.spotify.com/v1/tracks/2mmdJZB3Q9c58DcZJenjb4,audio_features,spotify:track:2mmdJZB3Q9c58DcZJenjb4,0.27,37,Life Lessons,Punk,,
0.00204,https://api.spotify.com/v1/audio-analysis/0ORhF3QfBqUhU9ocCDPRZR,0.511,224425,0.974,0ORhF3QfBqUhU9ocCDPRZR,0.0000229,9,0.323,-3.862,1,0.112,135.077,4,https://api.spotify.com/v1/tracks/0ORhF3QfBqUhU9ocCDPRZR,audio_features,spotify:track:0ORhF3QfBqUhU9ocCDPRZR,0.363,35,Bearings,Punk,,
0.000674,https://api.spotify.com/v1/audio-analysis/44QNjtUbfGj0ZvjgSTxU3e,0.45,196226,0.847,44QNjtUbfGj0ZvjgSTxU3e,0,2,0.321,-6.249,1,0.0732,88.895,4,https://api.spotify.com/v1/tracks/44QNjtUbfGj0ZvjgSTxU3e,audio_features,spotify:track:44QNjtUbfGj0ZvjgSTxU3e,0.414,57,The Used,Punk,,
0.0176,https://api.spotify.com/v1/audio-analysis/7oGWqVwmgwGBYXkW4cROlK,0.358,314373,0.806,7oGWqVwmgwGBYXkW4cROlK,0.00252,7,0.0982,-8.924,1,0.0677,158.777,4,https://api.spotify.com/v1/tracks/7oGWqVwmgwGBYXkW4cROlK,audio_features,spotify:track:7oGWqVwmgwGBYXkW4cROlK,0.578,32,Lost in Stereo,Punk,,
0.000181,https://api.spotify.com/v1/audio-analysis/6lI60Z5UEtARdwQfdBYjuD,0.539,180554,0.949,6lI60Z5UEtARdwQfdBYjuD,0.0000238,5,0.746,-4.23,0,0.0711,103.448,4,https://api.spotify.com/v1/tracks/6lI60Z5UEtARdwQfdBYjuD,audio_features,spotify:track:6lI60Z5UEtARdwQfdBYjuD,0.746,63,With Confidence,Punk,,
0.0000128,https://api.spotify.com/v1/audio-analysis/73QyfpApOMk3fApexIedBR,0.302,161524,0.962,73QyfpApOMk3fApexIedBR,0.0616,7,0.304,-3.272,1,0.0967,172.975,4,https://api.spotify.com/v1/tracks/73QyfpApOMk3fApexIedBR,audio_features,spotify:track:73QyfpApOMk3fApexIedBR,0.497,58,The Story So Far,Punk,,
0.000358,https://api.spotify.com/v1/audio-analysis/4TTJy6rWfMG8pWLtDgrzQ7,0.476,170771,0.989,4TTJy6rWfMG8pWLtDgrzQ7,0.000242,6,0.343,-2.827,1,0.173,101.063,4,https://api.spotify.com/v1/tracks/4TTJy6rWfMG8pWLtDgrzQ7,audio_features,spotify:track:4TTJy6rWfMG8pWLtDgrzQ7,0.355,49,Knuckle Puck,Punk,,
0.00089,https://api.spotify.com/v1/audio-analysis/3R5dXQFlT8CrWedBVcCli4,0.49,187500,0.969,3R5dXQFlT8CrWedBVcCli4,0,2,0.474,-3.194,1,0.134,99.994,4,https://api.spotify.com/v1/tracks/3R5dXQFlT8CrWedBVcCli4,audio_features,spotify:track:3R5dXQFlT8CrWedBVcCli4,0.331,22,Stand Atlantic,Punk,,
0.00772,https://api.spotify.com/v1/audio-analysis/0iYL1bvagzsI2Wfxp3Io7U,0.429,195416,0.903,0iYL1bvagzsI2Wfxp3Io7U,0.0000769,2,0.512,-3.964,1,0.168,184.914,4,https://api.spotify.com/v1/tracks/0iYL1bvagzsI2Wfxp3Io7U,audio_features,spotify:track:0iYL1bvagzsI2Wfxp3Io7U,0.672,31,Boys of Fall,Punk,,
0.00165,https://api.spotify.com/v1/audio-analysis/3ogwpTieSD9LL8xpzwLfUd,0.327,208395,0.891,3ogwpTieSD9LL8xpzwLfUd,0,9,0.352,-3.801,1,0.0873,99.999,4,https://api.spotify.com/v1/tracks/3ogwpTieSD9LL8xpzwLfUd,audio_features,spotify:track:3ogwpTieSD9LL8xpzwLfUd,0.409,20,7 Minutes In Heaven,Punk,,
,,,0.0000128,https://api.spotify.com/v1/audio-analysis/73QyfpApOMk3fApexIedBR,0.302,161524,0.962,73QyfpApOMk3fApexIedBR,0.0616,7,0.304,-3.272,1,0.0967,172.975,4,https://api.spotify.com/v1/tracks/73QyfpApOMk3fApexIedBR,audio_features,spotify:track:73QyfpApOMk3fApexIedBR,0.497,41,Makeout
,,,0.024,https://api.spotify.com/v1/audio-analysis/1N7Aep1OewK9diaN9WbuuR,0.581,191545,0.922,1N7Aep1OewK9diaN9WbuuR,0,1,0.202,-3.408,0,0.0666,118.408,4,https://api.spotify.com/v1/tracks/1N7Aep1OewK9diaN9WbuuR,audio_features,spotify:track:1N7Aep1OewK9diaN9WbuuR,0.58,58,The Story So Far
,,,0.0000091,https://api.spotify.com/v1/audio-analysis/1mjcyWQPFsoG1Cb6Gl33Tk,0.426,188493,0.922,1mjcyWQPFsoG1Cb6Gl33Tk,0.73,1,0.0841,-4.373,1,0.072,180.03,4,https://api.spotify.com/v1/tracks/1mjcyWQPFsoG1Cb6Gl33Tk,audio_features,spotify:track:1mjcyWQPFsoG1Cb6Gl33Tk,0.697,52,Cemetery Sun
,,,0.00147,https://api.spotify.com/v1/audio-analysis/7Ez3CVp6gljEwsd0OV3lwJ,0.465,160831,0.994,7Ez3CVp6gljEwsd0OV3lwJ,0,2,0.308,-2.702,1,0.0821,165.027,4,https://api.spotify.com/v1/tracks/7Ez3CVp6gljEwsd0OV3lwJ,audio_features,spotify:track:7Ez3CVp6gljEwsd0OV3lwJ,0.615,58,State Champs
,,,0.000858,https://api.spotify.com/v1/audio-analysis/6YbckOuZKwkicjSXgYRnNN,0.544,188160,0.918,6YbckOuZKwkicjSXgYRnNN,0,8,0.0768,-3.875,1,0.0685,129.018,4,https://api.spotify.com/v1/tracks/6YbckOuZKwkicjSXgYRnNN,audio_features,spotify:track:6YbckOuZKwkicjSXgYRnNN,0.668,58,Waterparks
,,,0.000327,https://api.spotify.com/v1/audio-analysis/35KjOweaK8Ryq6y8tBi6wv,0.392,234042,0.995,35KjOweaK8Ryq6y8tBi6wv,0,11,0.281,-0.912,1,0.121,169.922,4,https://api.spotify.com/v1/tracks/35KjOweaK8Ryq6y8tBi6wv,audio_features,spotify:track:35KjOweaK8Ryq6y8tBi6wv,0.288,56,Real Friends
,,,0.000504,https://api.spotify.com/v1/audio-analysis/50UpQeRX0Pebo76v3AK6S1,0.335,207880,0.982,50UpQeRX0Pebo76v3AK6S1,0,8,0.361,-2.397,1,0.185,179.864,4,https://api.spotify.com/v1/tracks/50UpQeRX0Pebo76v3AK6S1,audio_features,spotify:track:50UpQeRX0Pebo76v3AK6S1,0.23,37,The Moms
,,,0.000116,https://api.spotify.com/v1/audio-analysis/44RrOIa9ziCFW9YC6ndAUL,0.522,187561,0.996,44RrOIa9ziCFW9YC6ndAUL,0.0000105,10,0.252,-4.316,0,0.186,96.477,4,https://api.spotify.com/v1/tracks/44RrOIa9ziCFW9YC6ndAUL,audio_features,spotify:track:44RrOIa9ziCFW9YC6ndAUL,0.142,47,States & Capitals
,,,0.0000449,https://api.spotify.com/v1/audio-analysis/3hM8QJRbPfkmcRVJwxzn9q,0.493,208160,0.952,3hM8QJRbPfkmcRVJwxzn9q,0,2,0.101,-5.138,1,0.0812,143.041,4,https://api.spotify.com/v1/tracks/3hM8QJRbPfkmcRVJwxzn9q,audio_features,spotify:track:3hM8QJRbPfkmcRVJwxzn9q,0.379,60,Palisades
,,,0.000169,https://api.spotify.com/v1/audio-analysis/34ywfaV8ZajQp0HhWYWsH2,0.383,204960,0.982,34ywfaV8ZajQp0HhWYWsH2,0.000457,0,0.363,-3.259,1,0.138,161.042,4,https://api.spotify.com/v1/tracks/34ywfaV8ZajQp0HhWYWsH2,audio_features,spotify:track:34ywfaV8ZajQp0HhWYWsH2,0.188,3,You Me At Six
,,,0.527,https://api.spotify.com/v1/audio-analysis/69pcE6daoGgECg9N4ETrZC,0.771,176620,0.369,69pcE6daoGgECg9N4ETrZC,0,2,0.136,-7.265,1,0.0439,134.969,4,https://api.spotify.com/v1/tracks/69pcE6daoGgECg9N4ETrZC,audio_features,spotify:track:69pcE6daoGgECg9N4ETrZC,0.409,52,Palisades
,,,0.0239,https://api.spotify.com/v1/audio-analysis/4ekEPnMf0RvF7z8rL9Xgzl,0.513,218213,0.854,4ekEPnMf0RvF7z8rL9Xgzl,0.00000301,7,0.211,-4.074,0,0.0547,158.016,4,https://api.spotify.com/v1/tracks/4ekEPnMf0RvF7z8rL9Xgzl,audio_features,spotify:track:4ekEPnMf0RvF7z8rL9Xgzl,0.391,58,Citizen
,,,0.000143,https://api.spotify.com/v1/audio-analysis/6XA12laU5GUhas6GcWDLuU,0.561,224423,0.964,6XA12laU5GUhas6GcWDLuU,0,8,0.0603,-3.312,1,0.0487,105.009,4,https://api.spotify.com/v1/tracks/6XA12laU5GUhas6GcWDLuU,audio_features,spotify:track:6XA12laU5GUhas6GcWDLuU,0.576,52,ROAM
,,,0.249,https://api.spotify.com/v1/audio-analysis/4dB8BGIWbn9eTean90CoOp,0.624,217186,0.65,4dB8BGIWbn9eTean90CoOp,0,2,0.0739,-5.858,1,0.0341,135.972,4,https://api.spotify.com/v1/tracks/4dB8BGIWbn9eTean90CoOp,audio_features,spotify:track:4dB8BGIWbn9eTean90CoOp,0.577,75,Panic! At The Disco
,,,0.0000357,https://api.spotify.com/v1/audio-analysis/7HRhdhbZUac3sORz3zPMkz,0.172,210337,0.943,7HRhdhbZUac3sORz3zPMkz,0.314,7,0.0938,-6.784,1,0.0494,166.75,4,https://api.spotify.com/v1/tracks/7HRhdhbZUac3sORz3zPMkz,audio_features,spotify:track:7HRhdhbZUac3sORz3zPMkz,0.408,35,Lilac Kings
,,,0.00538,https://api.spotify.com/v1/audio-analysis/3CwzV42BwEDA4i3gSf5EjW,0.576,217414,0.813,3CwzV42BwEDA4i3gSf5EjW,0,7,0.316,-6.588,0,0.0417,147.885,4,https://api.spotify.com/v1/tracks/3CwzV42BwEDA4i3gSf5EjW,audio_features,spotify:track:3CwzV42BwEDA4i3gSf5EjW,0.258,10,ITCHY
,,,0.0366,https://api.spotify.com/v1/audio-analysis/4ZsRa4Oz9yb6eqzbGVmd0V,0.575,196240,0.819,4ZsRa4Oz9yb6eqzbGVmd0V,0.0000017,5,0.121,-4.723,1,0.0342,92.067,4,https://api.spotify.com/v1/tracks/4ZsRa4Oz9yb6eqzbGVmd0V,audio_features,spotify:track:4ZsRa4Oz9yb6eqzbGVmd0V,0.382,52,Dream State
,,,0.000214,https://api.spotify.com/v1/audio-analysis/1RWTslWg3uu68yHU5KKlBo,0.553,186264,0.916,1RWTslWg3uu68yHU5KKlBo,0.00000251,6,0.314,-4.194,1,0.0509,102.048,4,https://api.spotify.com/v1/tracks/1RWTslWg3uu68yHU5KKlBo,audio_features,spotify:track:1RWTslWg3uu68yHU5KKlBo,0.34,63,Pierce The Veil
,,,0.00208,https://api.spotify.com/v1/audio-analysis/6txrOdeV4I2vaE0m865VBU,0.625,223784,0.858,6txrOdeV4I2vaE0m865VBU,0.0000894,11,0.136,-4.341,0,0.033,134.014,4,https://api.spotify.com/v1/tracks/6txrOdeV4I2vaE0m865VBU,audio_features,spotify:track:6txrOdeV4I2vaE0m865VBU,0.722,46,Mt. Eddy
,,,0.00043,https://api.spotify.com/v1/audio-analysis/2fmCA13dwQQOGBIbIOWRiJ,0.49,196520,0.848,2fmCA13dwQQOGBIbIOWRiJ,0.00000849,9,0.0665,-5.05,1,0.0645,175.998,4,https://api.spotify.com/v1/tracks/2fmCA13dwQQOGBIbIOWRiJ,audio_features,spotify:track:2fmCA13dwQQOGBIbIOWRiJ,0.713,36,Life Lessons
,,,0.0254,https://api.spotify.com/v1/audio-analysis/3wRHqCvpHy4j7PYtOt5aRE,0.257,233023,0.97,3wRHqCvpHy4j7PYtOt5aRE,0.0000405,5,0.101,-3.62,0,0.156,172.129,4,https://api.spotify.com/v1/tracks/3wRHqCvpHy4j7PYtOt5aRE,audio_features,spotify:track:3wRHqCvpHy4j7PYtOt5aRE,0.218,37,Deaf Havana
,,,0.000036,https://api.spotify.com/v1/audio-analysis/1EGI6c6cKfyKhf8HCw49sU,0.421,188400,0.845,1EGI6c6cKfyKhf8HCw49sU,0.0213,9,0.452,-5.356,0,0.0398,157.006,4,https://api.spotify.com/v1/tracks/1EGI6c6cKfyKhf8HCw49sU,audio_features,spotify:track:1EGI6c6cKfyKhf8HCw49sU,0.441,41,With Confidence
,,,0.0126,https://api.spotify.com/v1/audio-analysis/2e92Pjc8rNbEroV5p1lUtZ,0.322,184613,0.73,2e92Pjc8rNbEroV5p1lUtZ,0,3,0.0981,-5.58,0,0.0367,130.073,4,https://api.spotify.com/v1/tracks/2e92Pjc8rNbEroV5p1lUtZ,audio_features,spotify:track:2e92Pjc8rNbEroV5p1lUtZ,0.233,52,State Champs
,,,0.000223,https://api.spotify.com/v1/audio-analysis/6zUy2nnchfZpzaDalE6sO2,0.504,224307,0.975,6zUy2nnchfZpzaDalE6sO2,0.0000641,11,0.143,-3.156,0,0.0979,81.008,4,https://api.spotify.com/v1/tracks/6zUy2nnchfZpzaDalE6sO2,audio_features,spotify:track:6zUy2nnchfZpzaDalE6sO2,0.388,41,Prawn
,,,0.0234,https://api.spotify.com/v1/audio-analysis/1PK5qU40CnH8RKrudFyo6t,0.558,211087,0.921,1PK5qU40CnH8RKrudFyo6t,0.00035,4,0.154,-4.409,1,0.0639,93.468,4,https://api.spotify.com/v1/tracks/1PK5qU40CnH8RKrudFyo6t,audio_features,spotify:track:1PK5qU40CnH8RKrudFyo6t,0.351,52,Circa Survive
,,,0.00081,https://api.spotify.com/v1/audio-analysis/3gqwKBVvZywN1UVLixa2JO,0.411,165462,0.985,3gqwKBVvZywN1UVLixa2JO,0,2,0.339,-2.9,1,0.176,167.04,4,https://api.spotify.com/v1/tracks/3gqwKBVvZywN1UVLixa2JO,audio_features,spotify:track:3gqwKBVvZywN1UVLixa2JO,0.386,57,The Plot In You
,,,0.00436,https://api.spotify.com/v1/audio-analysis/1OthFaD8t5grjxWKhXecGm,0.497,180111,0.894,1OthFaD8t5grjxWKhXecGm,0,11,0.144,-3.284,0,0.0574,143.001,4,https://api.spotify.com/v1/tracks/1OthFaD8t5grjxWKhXecGm,audio_features,spotify:track:1OthFaD8t5grjxWKhXecGm,0.444,56,State Champs
,,,0.000388,https://api.spotify.com/v1/audio-analysis/7MpjGhjgqmJ0wL7A9UmNfv,0.558,199065,0.966,7MpjGhjgqmJ0wL7A9UmNfv,0,10,0.711,-4.532,1,0.0811,103.489,4,https://api.spotify.com/v1/tracks/7MpjGhjgqmJ0wL7A9UmNfv,audio_features,spotify:track:7MpjGhjgqmJ0wL7A9UmNfv,0.564,60,I See Stars
,,,0.00156,https://api.spotify.com/v1/audio-analysis/01AZDoOyuPnq9k0OHLfWvZ,0.547,281000,0.89,01AZDoOyuPnq9k0OHLfWvZ,0.0349,2,0.114,-6.473,1,0.0384,131.888,4,https://api.spotify.com/v1/tracks/01AZDoOyuPnq9k0OHLfWvZ,audio_features,spotify:track:01AZDoOyuPnq9k0OHLfWvZ,0.364,9,Falling In Reverse
,,,0.00000318,https://api.spotify.com/v1/audio-analysis/4WKtSD4iijMAcDFo6RQR9i,0.422,250269,0.9,4WKtSD4iijMAcDFo6RQR9i,0.448,4,0.0711,-4.506,0,0.0392,105.04,3,https://api.spotify.com/v1/tracks/4WKtSD4iijMAcDFo6RQR9i,audio_features,spotify:track:4WKtSD4iijMAcDFo6RQR9i,0.203,67,Smallpools
,,,0.00151,https://api.spotify.com/v1/audio-analysis/1qHKp7GcZAkokEQVXPrPI8,0.432,223333,0.721,1qHKp7GcZAkokEQVXPrPI8,0,4,0.0894,-6.53,0,0.0434,144.082,4,https://api.spotify.com/v1/tracks/1qHKp7GcZAkokEQVXPrPI8,audio_features,spotify:track:1qHKp7GcZAkokEQVXPrPI8,0.22,38,A Will Away
,,,0.000739,https://api.spotify.com/v1/audio-analysis/0xQevbz2L13K1a4rWWXGy1,0.457,183440,0.883,0xQevbz2L13K1a4rWWXGy1,0.00000798,1,0.263,-4.374,1,0.0923,157.098,4,https://api.spotify.com/v1/tracks/0xQevbz2L13K1a4rWWXGy1,audio_features,spotify:track:0xQevbz2L13K1a4rWWXGy1,0.572,43,Tonight Alive
,,,0.00341,https://api.spotify.com/v1/audio-analysis/2EUR6ueSTUDvxCogLDFcnn,0.494,191767,0.873,2EUR6ueSTUDvxCogLDFcnn,0.000229,2,0.136,-4.128,0,0.0833,90.003,4,https://api.spotify.com/v1/tracks/2EUR6ueSTUDvxCogLDFcnn,audio_features,spotify:track:2EUR6ueSTUDvxCogLDFcnn,0.185,67,Highly Suspect
,,,0.00399,https://api.spotify.com/v1/audio-analysis/4OAAVNIgsRnvw6KfGUbnKj,0.476,234805,0.988,4OAAVNIgsRnvw6KfGUbnKj,0,2,0.253,-4.301,0,0.317,140.113,4,https://api.spotify.com/v1/tracks/4OAAVNIgsRnvw6KfGUbnKj,audio_features,spotify:track:4OAAVNIgsRnvw6KfGUbnKj,0.131,61,ONE OK ROCK
,,,0.00602,https://api.spotify.com/v1/audio-analysis/6Hx7kdHB9kGdxnw2EwSx2V,0.608,239893,0.865,6Hx7kdHB9kGdxnw2EwSx2V,0,1,0.127,-3.961,0,0.0451,100.026,4,https://api.spotify.com/v1/tracks/6Hx7kdHB9kGdxnw2EwSx2V,audio_features,spotify:track:6Hx7kdHB9kGdxnw2EwSx2V,0.546,31,Veridian
,,,0.00109,https://api.spotify.com/v1/audio-analysis/24FgOhhZMtFcfg5nKcsMZD,0.556,208320,0.91,24FgOhhZMtFcfg5nKcsMZD,0,2,0.243,-3.875,0,0.0574,106.988,4,https://api.spotify.com/v1/tracks/24FgOhhZMtFcfg5nKcsMZD,audio_features,spotify:track:24FgOhhZMtFcfg5nKcsMZD,0.572,48,All Time Low
,,,0.167,https://api.spotify.com/v1/audio-analysis/3JwUzd8tcY8FNTqzkyYdCD,0.318,142735,0.785,3JwUzd8tcY8FNTqzkyYdCD,0.0000807,4,0.309,-5.294,1,0.044,155.088,3,https://api.spotify.com/v1/tracks/3JwUzd8tcY8FNTqzkyYdCD,audio_features,spotify:track:3JwUzd8tcY8FNTqzkyYdCD,0.505,64,Bring Me The Horizon
,,,0.0000571,https://api.spotify.com/v1/audio-analysis/1euszbbvkUzQzIhZUWFmXG,0.515,258773,0.698,1euszbbvkUzQzIhZUWFmXG,0.0000864,2,0.0827,-5.572,0,0.0279,139.96,4,https://api.spotify.com/v1/tracks/1euszbbvkUzQzIhZUWFmXG,audio_features,spotify:track:1euszbbvkUzQzIhZUWFmXG,0.189,68,All Time Low
,,,0.000355,https://api.spotify.com/v1/audio-analysis/3Xg0ylnpIpYllY5RIVdox3,0.555,182806,0.971,3Xg0ylnpIpYllY5RIVdox3,0.00017,1,0.112,-4.155,0,0.0357,125,4,https://api.spotify.com/v1/tracks/3Xg0ylnpIpYllY5RIVdox3,audio_features,spotify:track:3Xg0ylnpIpYllY5RIVdox3,0.752,42,The Beautiful Monument
,,,0.0000983,https://api.spotify.com/v1/audio-analysis/6RzSW2i9n3DAhkuC8IX1MA,0.553,205307,0.83,6RzSW2i9n3DAhkuC8IX1MA,0,6,0.343,-5.697,0,0.038,101.994,4,https://api.spotify.com/v1/tracks/6RzSW2i9n3DAhkuC8IX1MA,audio_features,spotify:track:6RzSW2i9n3DAhkuC8IX1MA,0.247,38,Have Mercy
,,,0.00626,https://api.spotify.com/v1/audio-analysis/1H5a6C6jqWN6XQI0Unq7W3,0.505,301013,0.827,1H5a6C6jqWN6XQI0Unq7W3,0.0000107,0,0.112,-5.517,1,0.0456,114.987,4,https://api.spotify.com/v1/tracks/1H5a6C6jqWN6XQI0Unq7W3,audio_features,spotify:track:1H5a6C6jqWN6XQI0Unq7W3,0.0997,59,Neck Deep
,,,0.0155,https://api.spotify.com/v1/audio-analysis/4u3qi4mgvCQzeTSIuUWHzl,0.497,243333,0.89,4u3qi4mgvCQzeTSIuUWHzl,0,5,0.201,-4.027,1,0.0887,117.939,4,https://api.spotify.com/v1/tracks/4u3qi4mgvCQzeTSIuUWHzl,audio_features,spotify:track:4u3qi4mgvCQzeTSIuUWHzl,0.389,26,Cinema Century
,,,0.0000461,https://api.spotify.com/v1/audio-analysis/12CmWubxwef3XHUHMkrIml,0.531,209600,0.97,12CmWubxwef3XHUHMkrIml,0.0475,0,0.375,-2.933,0,0.0613,139.983,4,https://api.spotify.com/v1/tracks/12CmWubxwef3XHUHMkrIml,audio_features,spotify:track:12CmWubxwef3XHUHMkrIml,0.502,58,Too Close To Touch
,,,0.00388,https://api.spotify.com/v1/audio-analysis/3aAoy02NwrmZcqXYYjqNh2,0.56,224947,0.887,3aAoy02NwrmZcqXYYjqNh2,0,7,0.341,-6.314,1,0.0594,130.026,4,https://api.spotify.com/v1/tracks/3aAoy02NwrmZcqXYYjqNh2,audio_features,spotify:track:3aAoy02NwrmZcqXYYjqNh2,0.212,43,For The Win
,,,0.00679,https://api.spotify.com/v1/audio-analysis/3YcloPAR8p3hlHKL1t97H4,0.364,182291,0.937,3YcloPAR8p3hlHKL1t97H4,0.000135,8,0.0403,-4.427,1,0.0898,157.991,4,https://api.spotify.com/v1/tracks/3YcloPAR8p3hlHKL1t97H4,audio_features,spotify:track:3YcloPAR8p3hlHKL1t97H4,0.479,0,Andrew McMahon in the Wilderness
,,,0.286,https://api.spotify.com/v1/audio-analysis/0Yj88aCLrHnG1t1j7BLiuS,0.383,283263,0.879,0Yj88aCLrHnG1t1j7BLiuS,0.00305,0,0.121,-7.674,0,0.0723,94.953,4,https://api.spotify.com/v1/tracks/0Yj88aCLrHnG1t1j7BLiuS,audio_features,spotify:track:0Yj88aCLrHnG1t1j7BLiuS,0.282,64,From First To Last
,,,0.00021,https://api.spotify.com/v1/audio-analysis/4AgwvfEicREK9fUpbWbmUe,0.529,213652,0.975,4AgwvfEicREK9fUpbWbmUe,0,6,0.316,-3.484,1,0.0817,93.931,4,https://api.spotify.com/v1/tracks/4AgwvfEicREK9fUpbWbmUe,audio_features,spotify:track:4AgwvfEicREK9fUpbWbmUe,0.623,55,The Word Alive
,,,0.00112,https://api.spotify.com/v1/audio-analysis/1s4Nc5XFspnFHEHLv92gak,0.382,216120,0.799,1s4Nc5XFspnFHEHLv92gak,0.0000454,6,0.138,-3.676,0,0.0607,140.059,4,https://api.spotify.com/v1/tracks/1s4Nc5XFspnFHEHLv92gak,audio_features,spotify:track:1s4Nc5XFspnFHEHLv92gak,0.247,43,Homebound
,,,0.0000302,https://api.spotify.com/v1/audio-analysis/6GdEIwsXvpfda24vliflHo,0.446,203448,0.915,6GdEIwsXvpfda24vliflHo,0,7,0.481,-4.232,1,0.0416,174.065,4,https://api.spotify.com/v1/tracks/6GdEIwsXvpfda24vliflHo,audio_features,spotify:track:6GdEIwsXvpfda24vliflHo,0.306,67,Brand New
,,,0.00849,https://api.spotify.com/v1/audio-analysis/5jyrhXegvdrXqVBk8Xc6DD,0.569,204920,0.73,5jyrhXegvdrXqVBk8Xc6DD,0.0000315,11,0.085,-6.206,0,0.111,82.037,4,https://api.spotify.com/v1/tracks/5jyrhXegvdrXqVBk8Xc6DD,audio_features,spotify:track:5jyrhXegvdrXqVBk8Xc6DD,0.313,38,Broadside
,,,0.000229,https://api.spotify.com/v1/audio-analysis/2fVIQFxGHSJHR5RYG4SMpI,0.442,193333,0.984,2fVIQFxGHSJHR5RYG4SMpI,0.0000368,1,0.107,-4.176,1,0.186,144.011,4,https://api.spotify.com/v1/tracks/2fVIQFxGHSJHR5RYG4SMpI,audio_features,spotify:track:2fVIQFxGHSJHR5RYG4SMpI,0.134,50,Coheed and Cambria
,,,0.000583,https://api.spotify.com/v1/audio-analysis/0cUKV2WDuin8WeREQ9hoGa,0.524,187485,0.967,0cUKV2WDuin8WeREQ9hoGa,0.0313,5,0.231,-3.117,1,0.0924,102.48,4,https://api.spotify.com/v1/tracks/0cUKV2WDuin8WeREQ9hoGa,audio_features,spotify:track:0cUKV2WDuin8WeREQ9hoGa,0.581,67,I Prevail
,,,0.0034,https://api.spotify.com/v1/audio-analysis/17NMMjZKKqQteiE2AV13T9,0.559,222960,0.705,17NMMjZKKqQteiE2AV13T9,0.000163,8,0.658,-2.741,1,0.03,97.993,4,https://api.spotify.com/v1/tracks/17NMMjZKKqQteiE2AV13T9,audio_features,spotify:track:17NMMjZKKqQteiE2AV13T9,0.25,48,Youth in Revolt
,,,0.000209,https://api.spotify.com/v1/audio-analysis/6zcw0zKvGbuCOKyP3IG6dI,0.553,184391,0.935,6zcw0zKvGbuCOKyP3IG6dI,0.0000748,1,0.269,-3.947,1,0.0913,133.052,4,https://api.spotify.com/v1/tracks/6zcw0zKvGbuCOKyP3IG6dI,audio_features,spotify:track:6zcw0zKvGbuCOKyP3IG6dI,0.749,59,Palisades
,,,0.00307,https://api.spotify.com/v1/audio-analysis/6c9xVWbPeVPgrmWTYYeMTr,0.531,221000,0.756,6c9xVWbPeVPgrmWTYYeMTr,0.00000173,6,0.073,-5.194,0,0.0371,118.954,4,https://api.spotify.com/v1/tracks/6c9xVWbPeVPgrmWTYYeMTr,audio_features,spotify:track:6c9xVWbPeVPgrmWTYYeMTr,0.304,43,State Champs
,,,0.000665,https://api.spotify.com/v1/audio-analysis/0Ap3aOVU7LItcHIFiRF8lY,0.513,241080,0.974,0Ap3aOVU7LItcHIFiRF8lY,0.00000342,5,0.11,-3.22,1,0.1,158.12,4,https://api.spotify.com/v1/tracks/0Ap3aOVU7LItcHIFiRF8lY,audio_features,spotify:track:0Ap3aOVU7LItcHIFiRF8lY,0.558,59,Pierce The Veil
,,,0.00017,https://api.spotify.com/v1/audio-analysis/6CLl6fymqxr5v60lMybv9i,0.558,174919,0.965,6CLl6fymqxr5v60lMybv9i,0.0000077,7,0.66,-2.657,1,0.0788,90.029,4,https://api.spotify.com/v1/tracks/6CLl6fymqxr5v60lMybv9i,audio_features,spotify:track:6CLl6fymqxr5v60lMybv9i,0.305,68,Pvris
,,,0.000115,https://api.spotify.com/v1/audio-analysis/5KFzjGocBfriE5BgV3F060,0.545,197470,0.939,5KFzjGocBfriE5BgV3F060,0.0000067,5,0.129,-4.009,0,0.0671,130.03,4,https://api.spotify.com/v1/tracks/5KFzjGocBfriE5BgV3F060,audio_features,spotify:track:5KFzjGocBfriE5BgV3F060,0.553,44,I The Mighty
,,,0.00216,https://api.spotify.com/v1/audio-analysis/4o2mXUsityYafHUt0kWjFx,0.516,218856,0.941,4o2mXUsityYafHUt0kWjFx,0,6,0.407,-4.371,0,0.0529,145.048,4,https://api.spotify.com/v1/tracks/4o2mXUsityYafHUt0kWjFx,audio_features,spotify:track:4o2mXUsityYafHUt0kWjFx,0.53,38,Broadside
,,,0.00115,https://api.spotify.com/v1/audio-analysis/3Fnf4J72Y1ImGILcAh1Z2s,0.653,209187,0.796,3Fnf4J72Y1ImGILcAh1Z2s,0,2,0.397,-3.765,1,0.0252,99.988,4,https://api.spotify.com/v1/tracks/3Fnf4J72Y1ImGILcAh1Z2s,audio_features,spotify:track:3Fnf4J72Y1ImGILcAh1Z2s,0.771,44,Tiny Moving Parts
,,,0.000858,https://api.spotify.com/v1/audio-analysis/7hR8PMFEbTHuQg8khQohZl,0.502,245013,0.987,7hR8PMFEbTHuQg8khQohZl,0,6,0.432,-3.046,1,0.0969,119.983,4,https://api.spotify.com/v1/tracks/7hR8PMFEbTHuQg8khQohZl,audio_features,spotify:track:7hR8PMFEbTHuQg8khQohZl,0.222,52,Deaf Havana
,,,0.0514,https://api.spotify.com/v1/audio-analysis/6HhtmXZi4wh1ssdFGsE55G,0.502,298917,0.945,6HhtmXZi4wh1ssdFGsE55G,0.00585,1,0.0897,-3.191,1,0.103,100.988,4,https://api.spotify.com/v1/tracks/6HhtmXZi4wh1ssdFGsE55G,audio_features,spotify:track:6HhtmXZi4wh1ssdFGsE55G,0.316,48,Makeout
,,,0.0000546,https://api.spotify.com/v1/audio-analysis/1vmH6HNvKRukgZiqx3AonC,0.33,219902,0.929,1vmH6HNvKRukgZiqx3AonC,0.0000277,1,0.28,-3.749,1,0.107,178.057,3,https://api.spotify.com/v1/tracks/1vmH6HNvKRukgZiqx3AonC,audio_features,spotify:track:1vmH6HNvKRukgZiqx3AonC,0.379,34,Chase Your Words
,,,0.000991,https://api.spotify.com/v1/audio-analysis/0UaGfglgToIQZfOLyrlId2,0.498,262040,0.918,0UaGfglgToIQZfOLyrlId2,0.0000119,6,0.343,-4.138,1,0.042,162.051,4,https://api.spotify.com/v1/tracks/0UaGfglgToIQZfOLyrlId2,audio_features,spotify:track:0UaGfglgToIQZfOLyrlId2,0.524,38,The Story So Far
,,,0.00772,https://api.spotify.com/v1/audio-analysis/25C4E27YnEgXVsomzteuRr,0.625,150924,0.776,25C4E27YnEgXVsomzteuRr,0.0000295,4,0.331,-3.799,1,0.065,130.027,4,https://api.spotify.com/v1/tracks/25C4E27YnEgXVsomzteuRr,audio_features,spotify:track:25C4E27YnEgXVsomzteuRr,0.669,48,Palaye Royale
,,,0.00183,https://api.spotify.com/v1/audio-analysis/0gaXhpsDfErFWIXzY2XkP0,0.512,195453,0.769,0gaXhpsDfErFWIXzY2XkP0,0.00000219,1,0.102,-4.938,0,0.0653,153.155,4,https://api.spotify.com/v1/tracks/0gaXhpsDfErFWIXzY2XkP0,audio_features,spotify:track:0gaXhpsDfErFWIXzY2XkP0,0.381,42,Selfish Things
,,,0.00131,https://api.spotify.com/v1/audio-analysis/53t6Ycf0o1Ej0W9vQt5ppR,0.514,188200,0.971,53t6Ycf0o1Ej0W9vQt5ppR,0.000548,8,0.281,-2.633,1,0.0696,108.008,4,https://api.spotify.com/v1/tracks/53t6Ycf0o1Ej0W9vQt5ppR,audio_features,spotify:track:53t6Ycf0o1Ej0W9vQt5ppR,0.48,31,Exit
,,,0.000857,https://api.spotify.com/v1/audio-analysis/4W7QxXELyTjwRSqifIbNvM,0.433,203259,0.983,4W7QxXELyTjwRSqifIbNvM,0,8,0.108,-2.081,1,0.124,165.052,4,https://api.spotify.com/v1/tracks/4W7QxXELyTjwRSqifIbNvM,audio_features,spotify:track:4W7QxXELyTjwRSqifIbNvM,0.542,48,Good Charlotte
,,,0.0000465,https://api.spotify.com/v1/audio-analysis/1yIMrzF45Ven2FzPFAr0Gg,0.376,244587,0.939,1yIMrzF45Ven2FzPFAr0Gg,0.00023,4,0.109,-2.094,0,0.0781,167.904,4,https://api.spotify.com/v1/tracks/1yIMrzF45Ven2FzPFAr0Gg,audio_features,spotify:track:1yIMrzF45Ven2FzPFAr0Gg,0.515,37,With Confidence
,,,0.008,https://api.spotify.com/v1/audio-analysis/6kS0hxC8CEWwqIOEoxqhRF,0.504,258773,0.633,6kS0hxC8CEWwqIOEoxqhRF,0.0000161,7,0.32,-6.804,0,0.036,155.005,4,https://api.spotify.com/v1/tracks/6kS0hxC8CEWwqIOEoxqhRF,audio_features,spotify:track:6kS0hxC8CEWwqIOEoxqhRF,0.185,54,Carousel Kings
,,,0.0332,https://api.spotify.com/v1/audio-analysis/3zValIepIDF2L4WRZ3329A,0.505,193450,0.946,3zValIepIDF2L4WRZ3329A,0.00000524,3,0.0811,-3.895,1,0.188,102.972,4,https://api.spotify.com/v1/tracks/3zValIepIDF2L4WRZ3329A,audio_features,spotify:track:3zValIepIDF2L4WRZ3329A,0.41,61,Papa Roach
,,,0.000324,https://api.spotify.com/v1/audio-analysis/0b1bZs657tqTGKzTqrPAit,0.403,213173,0.954,0b1bZs657tqTGKzTqrPAit,0,10,0.262,-4.685,1,0.0688,75.035,4,https://api.spotify.com/v1/tracks/0b1bZs657tqTGKzTqrPAit,audio_features,spotify:track:0b1bZs657tqTGKzTqrPAit,0.281,53,Mallory Knox
,,,0.00132,https://api.spotify.com/v1/audio-analysis/0NSqYlz5V1u6l68r1pzUPn,0.441,176280,0.922,0NSqYlz5V1u6l68r1pzUPn,0.000197,6,0.143,-2.991,1,0.0848,102.431,4,https://api.spotify.com/v1/tracks/0NSqYlz5V1u6l68r1pzUPn,audio_features,spotify:track:0NSqYlz5V1u6l68r1pzUPn,0.721,53,Set It Off
,,,0.00124,https://api.spotify.com/v1/audio-analysis/4CTgCROhytFCN0o8t4CYAO,0.587,203119,0.879,4CTgCROhytFCN0o8t4CYAO,0,2,0.125,-5.897,1,0.0553,108.903,4,https://api.spotify.com/v1/tracks/4CTgCROhytFCN0o8t4CYAO,audio_features,spotify:track:4CTgCROhytFCN0o8t4CYAO,0.396,39,Hundredth
,,,0.000181,https://api.spotify.com/v1/audio-analysis/3Uak0lXptsw0mnAsjaztd1,0.539,180554,0.949,3Uak0lXptsw0mnAsjaztd1,0.0000238,5,0.746,-4.23,0,0.0711,103.448,4,https://api.spotify.com/v1/tracks/3Uak0lXptsw0mnAsjaztd1,audio_features,spotify:track:3Uak0lXptsw0mnAsjaztd1,0.746,70,blink-182
,,,0.00778,https://api.spotify.com/v1/audio-analysis/3SO9jBSdYs5ka8jiFNBRQc,0.498,222080,0.935,3SO9jBSdYs5ka8jiFNBRQc,0.617,9,0.222,-4.926,0,0.0475,148.048,4,https://api.spotify.com/v1/tracks/3SO9jBSdYs5ka8jiFNBRQc,audio_features,spotify:track:3SO9jBSdYs5ka8jiFNBRQc,0.545,57,Four Year Strong
,,,0.00395,https://api.spotify.com/v1/audio-analysis/71vAfCdrxg91O8cK2r9B2w,0.698,224874,0.763,71vAfCdrxg91O8cK2r9B2w,0,10,0.06,-6.065,0,0.0476,95.025,4,https://api.spotify.com/v1/tracks/71vAfCdrxg91O8cK2r9B2w,audio_features,spotify:track:71vAfCdrxg91O8cK2r9B2w,0.428,53,In This Moment
,,,0.0211,https://api.spotify.com/v1/audio-analysis/1d8mLNzHbGNZo2DjsIDnow,0.431,247960,0.891,1d8mLNzHbGNZo2DjsIDnow,0.00142,4,0.102,-4.905,1,0.111,144.346,4,https://api.spotify.com/v1/tracks/1d8mLNzHbGNZo2DjsIDnow,audio_features,spotify:track:1d8mLNzHbGNZo2DjsIDnow,0.529,59,Thrice
,,,0.00448,https://api.spotify.com/v1/audio-analysis/6EE19skJ32p58xihYj2Waa,0.447,162720,0.967,6EE19skJ32p58xihYj2Waa,0,0,0.487,-2.706,1,0.0793,179.991,4,https://api.spotify.com/v1/tracks/6EE19skJ32p58xihYj2Waa,audio_features,spotify:track:6EE19skJ32p58xihYj2Waa,0.597,40,DALES
,,,0.00267,https://api.spotify.com/v1/audio-analysis/5OeY5LebIOzD9Zvat1Dikf,0.442,239451,0.892,5OeY5LebIOzD9Zvat1Dikf,0.00000792,9,0.0758,-6.431,0,0.086,151.914,4,https://api.spotify.com/v1/tracks/5OeY5LebIOzD9Zvat1Dikf,audio_features,spotify:track:5OeY5LebIOzD9Zvat1Dikf,0.258,63,Falling In Reverse
,,,0.00214,https://api.spotify.com/v1/audio-analysis/4Jk6ZV8QsuWNLVzjX8VeE6,0.219,294039,0.93,4Jk6ZV8QsuWNLVzjX8VeE6,0,11,0.138,-3.348,1,0.114,123.511,4,https://api.spotify.com/v1/tracks/4Jk6ZV8QsuWNLVzjX8VeE6,audio_features,spotify:track:4Jk6ZV8QsuWNLVzjX8VeE6,0.298,63,The Maine
,,,0.00247,https://api.spotify.com/v1/audio-analysis/1wwzaQvhbVkzqk61aQVRa2,0.494,200000,0.972,1wwzaQvhbVkzqk61aQVRa2,0.00000762,2,0.346,-0.732,1,0.0815,75.02,4,https://api.spotify.com/v1/tracks/1wwzaQvhbVkzqk61aQVRa2,audio_features,spotify:track:1wwzaQvhbVkzqk61aQVRa2,0.66,69,Beartooth
,,,0.000285,https://api.spotify.com/v1/audio-analysis/2NRa4W3rH4e5GKQMN5Qwyr,0.458,211430,0.99,2NRa4W3rH4e5GKQMN5Qwyr,0.000893,8,0.454,-3.717,1,0.183,166.904,4,https://api.spotify.com/v1/tracks/2NRa4W3rH4e5GKQMN5Qwyr,audio_features,spotify:track:2NRa4W3rH4e5GKQMN5Qwyr,0.462,52,Trash Boat
,,,0.0364,https://api.spotify.com/v1/audio-analysis/6QZ8h3RqIgTRTo3hfaqryx,0.45,203058,0.945,6QZ8h3RqIgTRTo3hfaqryx,0.0000438,5,0.22,-4.515,1,0.103,167.948,4,https://api.spotify.com/v1/tracks/6QZ8h3RqIgTRTo3hfaqryx,audio_features,spotify:track:6QZ8h3RqIgTRTo3hfaqryx,0.535,57,Moose Blood
,,,0.000202,https://api.spotify.com/v1/audio-analysis/4NvzYSfGNOoHSw0M8fKn6a,0.446,198557,0.873,4NvzYSfGNOoHSw0M8fKn6a,0.00488,6,0.137,-3.922,1,0.0517,101.117,4,https://api.spotify.com/v1/tracks/4NvzYSfGNOoHSw0M8fKn6a,audio_features,spotify:track:4NvzYSfGNOoHSw0M8fKn6a,0.342,45,Taking Back Sunday
,,,0.0298,https://api.spotify.com/v1/audio-analysis/729BwjTiYS3aac0ohNuspY,0.658,267813,0.789,729BwjTiYS3aac0ohNuspY,0,4,0.0965,-4.563,1,0.0296,108.012,4,https://api.spotify.com/v1/tracks/729BwjTiYS3aac0ohNuspY,audio_features,spotify:track:729BwjTiYS3aac0ohNuspY,0.265,43,Selfish Things
,,,0.000424,https://api.spotify.com/v1/audio-analysis/4k91pBQD3yZUU3PJxFOaoo,0.509,200440,0.846,4k91pBQD3yZUU3PJxFOaoo,0.0000184,8,0.0769,-5.529,1,0.0473,152.962,4,https://api.spotify.com/v1/tracks/4k91pBQD3yZUU3PJxFOaoo,audio_features,spotify:track:4k91pBQD3yZUU3PJxFOaoo,0.471,19,Free Throw
,,,0.000697,https://api.spotify.com/v1/audio-analysis/5IlDGHKVyc6VFSg5rs3pxu,0.517,185065,0.913,5IlDGHKVyc6VFSg5rs3pxu,0.0028,11,0.158,-4.602,1,0.0542,158.918,4,https://api.spotify.com/v1/tracks/5IlDGHKVyc6VFSg5rs3pxu,audio_features,spotify:track:5IlDGHKVyc6VFSg5rs3pxu,0.393,66,I Prevail
,,,0.000123,https://api.spotify.com/v1/audio-analysis/6WaYiQUPel70HUaCZj5eND,0.506,229773,0.965,6WaYiQUPel70HUaCZj5eND,0.00000987,7,0.0978,-3.665,1,0.0723,138.035,4,https://api.spotify.com/v1/tracks/6WaYiQUPel70HUaCZj5eND,audio_features,spotify:track:6WaYiQUPel70HUaCZj5eND,0.575,31,A Story Told
,,,0.000272,https://api.spotify.com/v1/audio-analysis/5oavHr1Xk65ehSo43KPe5f,0.46,199293,0.927,5oavHr1Xk65ehSo43KPe5f,0.00000218,10,0.268,-3.642,1,0.0794,128.175,4,https://api.spotify.com/v1/tracks/5oavHr1Xk65ehSo43KPe5f,audio_features,spotify:track:5oavHr1Xk65ehSo43KPe5f,0.581,66,Sleeping With Sirens
,,,0.000278,https://api.spotify.com/v1/audio-analysis/0DQNID2ifWAWCiMvIjr9mq,0.551,209413,0.763,0DQNID2ifWAWCiMvIjr9mq,0.000445,9,0.08,-5.299,1,0.0291,105.001,4,https://api.spotify.com/v1/tracks/0DQNID2ifWAWCiMvIjr9mq,audio_features,spotify:track:0DQNID2ifWAWCiMvIjr9mq,0.0828,38,Milk Teeth
,,,0.0116,https://api.spotify.com/v1/audio-analysis/6va4r4pjrg82MFe2djzKWw,0.469,222680,0.872,6va4r4pjrg82MFe2djzKWw,0.00000398,0,0.0748,-5.155,0,0.0451,177.019,4,https://api.spotify.com/v1/tracks/6va4r4pjrg82MFe2djzKWw,audio_features,spotify:track:6va4r4pjrg82MFe2djzKWw,0.408,41,Airways
,,,0.000103,https://api.spotify.com/v1/audio-analysis/7seq94ygkJtnYHXYR8E99r,0.59,176373,0.908,7seq94ygkJtnYHXYR8E99r,0.00000105,0,0.131,-3.829,1,0.0512,119.982,4,https://api.spotify.com/v1/tracks/7seq94ygkJtnYHXYR8E99r,audio_features,spotify:track:7seq94ygkJtnYHXYR8E99r,0.692,54,Anti-Flag
,,,0.0256,https://api.spotify.com/v1/audio-analysis/4OenRPTF6LdFFUKcAokeGL,0.471,208859,0.815,4OenRPTF6LdFFUKcAokeGL,0.000078,11,0.114,-4.451,0,0.187,127.943,4,https://api.spotify.com/v1/tracks/4OenRPTF6LdFFUKcAokeGL,audio_features,spotify:track:4OenRPTF6LdFFUKcAokeGL,0.701,75,Melanie Martinez
,,,0.058,https://api.spotify.com/v1/audio-analysis/3fo6DYGktjENCiagUeU9yH,0.716,204086,0.73,3fo6DYGktjENCiagUeU9yH,0.00000732,6,0.151,-4.126,0,0.0364,136.05,4,https://api.spotify.com/v1/tracks/3fo6DYGktjENCiagUeU9yH,audio_features,spotify:track:3fo6DYGktjENCiagUeU9yH,0.364,34,Summer Legs
,,,0.00146,https://api.spotify.com/v1/audio-analysis/1EbbYkm7cUo73nTM7ALaR6,0.434,153833,0.935,1EbbYkm7cUo73nTM7ALaR6,0.000267,7,0.755,-4.996,1,0.055,179.946,4,https://api.spotify.com/v1/tracks/1EbbYkm7cUo73nTM7ALaR6,audio_features,spotify:track:1EbbYkm7cUo73nTM7ALaR6,0.735,58,Marmozets
,,,0.00519,https://api.spotify.com/v1/audio-analysis/248jAOqB5jtxWJK2zRutBi,0.518,232453,0.984,248jAOqB5jtxWJK2zRutBi,0.00868,2,0.0697,-3.36,1,0.187,103.905,4,https://api.spotify.com/v1/tracks/248jAOqB5jtxWJK2zRutBi,audio_features,spotify:track:248jAOqB5jtxWJK2zRutBi,0.0451,48,New Years Day
,,,0.00135,https://api.spotify.com/v1/audio-analysis/1YuhPg42Kv5opz9u2e6jkE,0.42,333161,0.839,1YuhPg42Kv5opz9u2e6jkE,0.0335,0,0.135,-5.096,0,0.0373,80.965,4,https://api.spotify.com/v1/tracks/1YuhPg42Kv5opz9u2e6jkE,audio_features,spotify:track:1YuhPg42Kv5opz9u2e6jkE,0.403,54,grandson
,,,0.34,https://api.spotify.com/v1/audio-analysis/3czkyhWao2WNEH5BMdNk1l,0.649,288573,0.727,3czkyhWao2WNEH5BMdNk1l,0.000272,3,0.138,-5.725,0,0.034,125.963,4,https://api.spotify.com/v1/tracks/3czkyhWao2WNEH5BMdNk1l,audio_features,spotify:track:3czkyhWao2WNEH5BMdNk1l,0.569,50,The Wonder Years
,,,0.189,https://api.spotify.com/v1/audio-analysis/0e7QzF7gA3cEpkCNuZ8AGY,0.608,198880,0.497,0e7QzF7gA3cEpkCNuZ8AGY,0,8,0.0729,-6.311,1,0.0258,82.49,4,https://api.spotify.com/v1/tracks/0e7QzF7gA3cEpkCNuZ8AGY,audio_features,spotify:track:0e7QzF7gA3cEpkCNuZ8AGY,0.593,51,With Confidence
,,,0.859,https://api.spotify.com/v1/audio-analysis/0nMOZnZA4GnipZXswSmCS6,0.387,181029,0.352,0nMOZnZA4GnipZXswSmCS6,0,8,0.135,-6.864,1,0.027,86.168,4,https://api.spotify.com/v1/tracks/0nMOZnZA4GnipZXswSmCS6,audio_features,spotify:track:0nMOZnZA4GnipZXswSmCS6,0.14,60,The Story So Far
,,,0.443,https://api.spotify.com/v1/audio-analysis/39kZD4ZtAvF5a72l5iMR9u,0.669,162441,0.514,39kZD4ZtAvF5a72l5iMR9u,0.00182,8,0.0748,-8.127,1,0.0251,112.92,4,https://api.spotify.com/v1/tracks/39kZD4ZtAvF5a72l5iMR9u,audio_features,spotify:track:39kZD4ZtAvF5a72l5iMR9u,0.2,57,State Champs
,,,0.638,https://api.spotify.com/v1/audio-analysis/6fEonsnOM8IiqFDuiqukMc,0.521,221042,0.421,6fEonsnOM8IiqFDuiqukMc,0,7,0.0874,-9.503,1,0.0324,153.082,4,https://api.spotify.com/v1/tracks/6fEonsnOM8IiqFDuiqukMc,audio_features,spotify:track:6fEonsnOM8IiqFDuiqukMc,0.55,58,I Prevail
,,,0.846,https://api.spotify.com/v1/audio-analysis/4Qt5o43KerMzgh0PNPm6Q1,0.558,207053,0.563,4Qt5o43KerMzgh0PNPm6Q1,0.00000214,2,0.0657,-6.593,1,0.0276,133.113,4,https://api.spotify.com/v1/tracks/4Qt5o43KerMzgh0PNPm6Q1,audio_features,spotify:track:4Qt5o43KerMzgh0PNPm6Q1,0.35,63,Mayday Parade
,,,0.574,https://api.spotify.com/v1/audio-analysis/1ONoPkp5XIuw3tZ1GzrNKZ,0.464,316987,0.362,1ONoPkp5XIuw3tZ1GzrNKZ,0,2,0.111,-10.652,1,0.0306,135.255,4,https://api.spotify.com/v1/tracks/1ONoPkp5XIuw3tZ1GzrNKZ,audio_features,spotify:track:1ONoPkp5XIuw3tZ1GzrNKZ,0.395,57,You Me At Six
,,,0.172,https://api.spotify.com/v1/audio-analysis/39IX2P1yPA5opcTaHXLPlW,0.62,198573,0.701,39IX2P1yPA5opcTaHXLPlW,0.000074,2,0.242,-8.241,0,0.0296,134.966,4,https://api.spotify.com/v1/tracks/39IX2P1yPA5opcTaHXLPlW,audio_features,spotify:track:39IX2P1yPA5opcTaHXLPlW,0.445,40,Four Year Strong
,,,0.803,https://api.spotify.com/v1/audio-analysis/5GcSA1mDvn4GyuPU0XHm8h,0.574,245213,0.508,5GcSA1mDvn4GyuPU0XHm8h,0.00000108,5,0.148,-8.372,1,0.0277,138.146,4,https://api.spotify.com/v1/tracks/5GcSA1mDvn4GyuPU0XHm8h,audio_features,spotify:track:5GcSA1mDvn4GyuPU0XHm8h,0.473,45,AS IT IS
,,,0.106,https://api.spotify.com/v1/audio-analysis/3HzyuTUKCp3d2cKN2VDIwh,0.587,198320,0.629,3HzyuTUKCp3d2cKN2VDIwh,0,3,0.0812,-6.383,1,0.0275,144.986,4,https://api.spotify.com/v1/tracks/3HzyuTUKCp3d2cKN2VDIwh,audio_features,spotify:track:3HzyuTUKCp3d2cKN2VDIwh,0.492,49,Relient K
,,,0.138,https://api.spotify.com/v1/audio-analysis/4Anh0wkOFEunlfqxysO6Hq,0.462,196653,0.505,4Anh0wkOFEunlfqxysO6Hq,0,8,0.111,-7.314,1,0.0247,175.011,3,https://api.spotify.com/v1/tracks/4Anh0wkOFEunlfqxysO6Hq,audio_features,spotify:track:4Anh0wkOFEunlfqxysO6Hq,0.404,56,With Confidence
,,,0.891,https://api.spotify.com/v1/audio-analysis/57O3KxOf63GafUXTBelpyW,0.504,213742,0.264,57O3KxOf63GafUXTBelpyW,0.00000329,6,0.0816,-13.767,1,0.0961,78.92,4,https://api.spotify.com/v1/tracks/57O3KxOf63GafUXTBelpyW,audio_features,spotify:track:57O3KxOf63GafUXTBelpyW,0.241,58,A Day To Remember
,,,0.431,https://api.spotify.com/v1/audio-analysis/1mNBhnobA5GbRwS3Q4yvmp,0.513,244115,0.476,1mNBhnobA5GbRwS3Q4yvmp,0,5,0.0899,-7.54,1,0.0259,107.559,4,https://api.spotify.com/v1/tracks/1mNBhnobA5GbRwS3Q4yvmp,audio_features,spotify:track:1mNBhnobA5GbRwS3Q4yvmp,0.262,59,Neck Deep
,,,0.376,https://api.spotify.com/v1/audio-analysis/006hfStQk9L7MVT9RcDeva,0.372,189415,0.875,006hfStQk9L7MVT9RcDeva,0.0000516,4,0.103,-0.946,1,0.0435,100.018,4,https://api.spotify.com/v1/tracks/006hfStQk9L7MVT9RcDeva,audio_features,spotify:track:006hfStQk9L7MVT9RcDeva,0.31,1,Mayday Parade
,,,0.604,https://api.spotify.com/v1/audio-analysis/2CePJFAdroNJcLT0THVemC,0.522,290787,0.496,2CePJFAdroNJcLT0THVemC,0,11,0.331,-5.508,1,0.0295,139.934,4,https://api.spotify.com/v1/tracks/2CePJFAdroNJcLT0THVemC,audio_features,spotify:track:2CePJFAdroNJcLT0THVemC,0.414,61,Rise Against
,,,0.462,https://api.spotify.com/v1/audio-analysis/1UyjZmUiyY8JhyLIHF1EN5,0.521,235497,0.586,1UyjZmUiyY8JhyLIHF1EN5,0,3,0.0792,-6.73,1,0.0287,154.828,4,https://api.spotify.com/v1/tracks/1UyjZmUiyY8JhyLIHF1EN5,audio_features,spotify:track:1UyjZmUiyY8JhyLIHF1EN5,0.581,47,State Champs
,,,0.514,https://api.spotify.com/v1/audio-analysis/6GrrkiCRO3HYdgRpO4eKEL,0.473,200067,0.419,6GrrkiCRO3HYdgRpO4eKEL,0,6,0.104,-6.936,1,0.0486,184.427,3,https://api.spotify.com/v1/tracks/6GrrkiCRO3HYdgRpO4eKEL,audio_features,spotify:track:6GrrkiCRO3HYdgRpO4eKEL,0.768,42,AS IT IS
,,,0.771,https://api.spotify.com/v1/audio-analysis/79hjAXUXQsWzfG6A7Lom1x,0.403,204667,0.478,79hjAXUXQsWzfG6A7Lom1x,0,1,0.111,-6.186,1,0.027,173.712,4,https://api.spotify.com/v1/tracks/79hjAXUXQsWzfG6A7Lom1x,audio_features,spotify:track:79hjAXUXQsWzfG6A7Lom1x,0.477,71,A Day To Remember
,,,0.112,https://api.spotify.com/v1/audio-analysis/6J7cSyvSCnPwv3vqHchEfL,0.584,243227,0.536,6J7cSyvSCnPwv3vqHchEfL,0,10,0.456,-8.158,1,0.0279,126.996,4,https://api.spotify.com/v1/tracks/6J7cSyvSCnPwv3vqHchEfL,audio_features,spotify:track:6J7cSyvSCnPwv3vqHchEfL,0.455,57,Pierce The Veil
,,,0.0278,https://api.spotify.com/v1/audio-analysis/21n769QrJtrmN0pXuBkYOm,0.556,257213,0.524,21n769QrJtrmN0pXuBkYOm,0,2,0.11,-10.055,1,0.0252,113.316,4,https://api.spotify.com/v1/tracks/21n769QrJtrmN0pXuBkYOm,audio_features,spotify:track:21n769QrJtrmN0pXuBkYOm,0.191,51,All Time Low
,,,0.454,https://api.spotify.com/v1/audio-analysis/6BwJLmS6KC7xOADo74vL6q,0.298,213987,0.45,6BwJLmS6KC7xOADo74vL6q,0,2,0.273,-5.769,1,0.0282,83.534,4,https://api.spotify.com/v1/tracks/6BwJLmS6KC7xOADo74vL6q,audio_features,spotify:track:6BwJLmS6KC7xOADo74vL6q,0.418,48,ROAM
,,,0.536,https://api.spotify.com/v1/audio-analysis/1WXq7yfGDqp24hK7q1oFut,0.446,202920,0.491,1WXq7yfGDqp24hK7q1oFut,0,2,0.288,-6.322,1,0.0273,175.053,3,https://api.spotify.com/v1/tracks/1WXq7yfGDqp24hK7q1oFut,audio_features,spotify:track:1WXq7yfGDqp24hK7q1oFut,0.362,50,Moose Blood
,,,0.821,https://api.spotify.com/v1/audio-analysis/4rhbREgJQLpWVZIZDMKeSW,0.566,227350,0.356,4rhbREgJQLpWVZIZDMKeSW,0.000412,6,0.102,-7.97,1,0.0291,124.817,4,https://api.spotify.com/v1/tracks/4rhbREgJQLpWVZIZDMKeSW,audio_features,spotify:track:4rhbREgJQLpWVZIZDMKeSW,0.101,41,Four Year Strong
,,,0.000321,https://api.spotify.com/v1/audio-analysis/4s53Uc7CoEtES0wHmr3peN,0.555,219663,0.773,4s53Uc7CoEtES0wHmr3peN,0.000132,9,0.0858,-7.049,1,0.0297,162.035,4,https://api.spotify.com/v1/tracks/4s53Uc7CoEtES0wHmr3peN,audio_features,spotify:track:4s53Uc7CoEtES0wHmr3peN,0.864,49,Yellowcard
,,,0.102,https://api.spotify.com/v1/audio-analysis/2HrFS9UQ8nLALpbnia6Tol,0.606,191427,0.678,2HrFS9UQ8nLALpbnia6Tol,0,8,0.11,-5.514,1,0.0286,121.95,4,https://api.spotify.com/v1/tracks/2HrFS9UQ8nLALpbnia6Tol,audio_features,spotify:track:2HrFS9UQ8nLALpbnia6Tol,0.659,44,State Champs
,,,0.157,https://api.spotify.com/v1/audio-analysis/0PHrdruYGBzeOZH43A9QG8,0.517,171000,0.362,0PHrdruYGBzeOZH43A9QG8,0.00000476,0,0.0536,-9.598,1,0.0271,77.542,4,https://api.spotify.com/v1/tracks/0PHrdruYGBzeOZH43A9QG8,audio_features,spotify:track:0PHrdruYGBzeOZH43A9QG8,0.569,47,Beartooth
,,,0.296,https://api.spotify.com/v1/audio-analysis/2BEZkzfIWNFSNjZMAKhyAR,0.569,199893,0.567,2BEZkzfIWNFSNjZMAKhyAR,0,1,0.0855,-5.327,0,0.0325,159.914,4,https://api.spotify.com/v1/tracks/2BEZkzfIWNFSNjZMAKhyAR,audio_features,spotify:track:2BEZkzfIWNFSNjZMAKhyAR,0.811,55,A Day To Remember
,,,0.114,https://api.spotify.com/v1/audio-analysis/2fWRRecCCnzAE4gLBUjz8M,0.496,257693,0.614,2fWRRecCCnzAE4gLBUjz8M,0,1,0.116,-4.915,1,0.0293,76.028,4,https://api.spotify.com/v1/tracks/2fWRRecCCnzAE4gLBUjz8M,audio_features,spotify:track:2fWRRecCCnzAE4gLBUjz8M,0.507,46,Grayscale
,,,0.608,https://api.spotify.com/v1/audio-analysis/39qXkBGTX5xUDPRTopAhi4,0.548,295800,0.352,39qXkBGTX5xUDPRTopAhi4,0,3,0.23,-10.147,1,0.0253,99.977,4,https://api.spotify.com/v1/tracks/39qXkBGTX5xUDPRTopAhi4,audio_features,spotify:track:39qXkBGTX5xUDPRTopAhi4,0.246,36,Alazka
,,,0.696,https://api.spotify.com/v1/audio-analysis/6v4fEiOFSrBu1wRGO1qBLs,0.537,221060,0.455,6v4fEiOFSrBu1wRGO1qBLs,0,2,0.14,-6.642,1,0.027,145.04,4,https://api.spotify.com/v1/tracks/6v4fEiOFSrBu1wRGO1qBLs,audio_features,spotify:track:6v4fEiOFSrBu1wRGO1qBLs,0.36,50,Neck Deep
,,,0.821,https://api.spotify.com/v1/audio-analysis/69hjyRMvR6SD3ktw5Lc8n2,0.342,261745,0.435,69hjyRMvR6SD3ktw5Lc8n2,0,5,0.0988,-7.276,1,0.0291,145.816,3,https://api.spotify.com/v1/tracks/69hjyRMvR6SD3ktw5Lc8n2,audio_features,spotify:track:69hjyRMvR6SD3ktw5Lc8n2,0.238,39,Speak Low If You Speak Love
,,,0.877,https://api.spotify.com/v1/audio-analysis/45Y69qZUFNXIzcSdXF8Wl8,0.578,189900,0.317,45Y69qZUFNXIzcSdXF8Wl8,0,7,0.132,-9.567,1,0.0328,82.029,4,https://api.spotify.com/v1/tracks/45Y69qZUFNXIzcSdXF8Wl8,audio_features,spotify:track:45Y69qZUFNXIzcSdXF8Wl8,0.481,52,Broadside
,,,0.0301,https://api.spotify.com/v1/audio-analysis/46f6jPFVIMeYHVi4ZIOQGX,0.564,234533,0.69,46f6jPFVIMeYHVi4ZIOQGX,0,1,0.179,-5.197,1,0.026,99.005,4,https://api.spotify.com/v1/tracks/46f6jPFVIMeYHVi4ZIOQGX,audio_features,spotify:track:46f6jPFVIMeYHVi4ZIOQGX,0.381,41,State Champs
,,,0.233,https://api.spotify.com/v1/audio-analysis/3VFzSYbuIKY30hLmWacn2l,0.547,225253,0.56,3VFzSYbuIKY30hLmWacn2l,0,5,0.132,-9.717,1,0.0288,148.091,4,https://api.spotify.com/v1/tracks/3VFzSYbuIKY30hLmWacn2l,audio_features,spotify:track:3VFzSYbuIKY30hLmWacn2l,0.448,45,SayWeCanFly
,,,0.675,https://api.spotify.com/v1/audio-analysis/4VRcxREOsSDD6cAAvunlCM,0.466,243357,0.485,4VRcxREOsSDD6cAAvunlCM,0,9,0.1,-6.539,1,0.0341,78.235,4,https://api.spotify.com/v1/tracks/4VRcxREOsSDD6cAAvunlCM,audio_features,spotify:track:4VRcxREOsSDD6cAAvunlCM,0.207,40,Cory Wells
,,,0.21,https://api.spotify.com/v1/audio-analysis/65Hz8jL6fA0R0ri5cDNIns,0.629,191000,0.315,65Hz8jL6fA0R0ri5cDNIns,0,2,0.0965,-9.327,1,0.0297,81.995,4,https://api.spotify.com/v1/tracks/65Hz8jL6fA0R0ri5cDNIns,audio_features,spotify:track:65Hz8jL6fA0R0ri5cDNIns,0.702,40,In Her Own Words
,,,0.791,https://api.spotify.com/v1/audio-analysis/1YiRT3UpauhxiUo9yu9N57,0.532,223333,0.281,1YiRT3UpauhxiUo9yu9N57,0,2,0.0883,-9.77,1,0.0285,144.064,4,https://api.spotify.com/v1/tracks/1YiRT3UpauhxiUo9yu9N57,audio_features,spotify:track:1YiRT3UpauhxiUo9yu9N57,0.26,37,Sincerely
,,,0.304,https://api.spotify.com/v1/audio-analysis/1lJLqCNezn8HT32WZTDBWH,0.389,239400,0.352,1lJLqCNezn8HT32WZTDBWH,0,11,0.236,-9.427,1,0.0368,73.353,4,https://api.spotify.com/v1/tracks/1lJLqCNezn8HT32WZTDBWH,audio_features,spotify:track:1lJLqCNezn8HT32WZTDBWH,0.578,38,Oh
,,,0.0193,https://api.spotify.com/v1/audio-analysis/4GcmZkidWDRwyvI0J0yRqI,0.585,263359,0.876,4GcmZkidWDRwyvI0J0yRqI,0,3,0.149,-7.236,1,0.034,130.068,4,https://api.spotify.com/v1/tracks/4GcmZkidWDRwyvI0J0yRqI,audio_features,spotify:track:4GcmZkidWDRwyvI0J0yRqI,0.536,38,Beneath the Waves
,,,0.425,https://api.spotify.com/v1/audio-analysis/2MS98sTzH3OsaFS4ZKzqPK,0.629,171955,0.426,2MS98sTzH3OsaFS4ZKzqPK,0,0,0.14,-6.726,1,0.0287,114.921,3,https://api.spotify.com/v1/tracks/2MS98sTzH3OsaFS4ZKzqPK,audio_features,spotify:track:2MS98sTzH3OsaFS4ZKzqPK,0.385,57,The Story So Far
,,,0.154,https://api.spotify.com/v1/audio-analysis/5Onz4HH6Vnzk6OzKYK46Od,0.568,213203,0.527,5Onz4HH6Vnzk6OzKYK46Od,0,5,0.207,-7.301,1,0.0428,151.965,4,https://api.spotify.com/v1/tracks/5Onz4HH6Vnzk6OzKYK46Od,audio_features,spotify:track:5Onz4HH6Vnzk6OzKYK46Od,0.78,40,Point North
,,,0.206,https://api.spotify.com/v1/audio-analysis/5CX9CtkuNccP0aQnhUCuFa,0.472,218467,0.567,5CX9CtkuNccP0aQnhUCuFa,0,11,0.113,-6.822,1,0.0283,111.16,4,https://api.spotify.com/v1/tracks/5CX9CtkuNccP0aQnhUCuFa,audio_features,spotify:track:5CX9CtkuNccP0aQnhUCuFa,0.328,39,Amber Pacific
,,,0.452,https://api.spotify.com/v1/audio-analysis/0ZblbfnQaJah6qT61EJkuN,0.559,218722,0.528,0ZblbfnQaJah6qT61EJkuN,0,4,0.129,-7.965,1,0.0343,84.961,4,https://api.spotify.com/v1/tracks/0ZblbfnQaJah6qT61EJkuN,audio_features,spotify:track:0ZblbfnQaJah6qT61EJkuN,0.785,42,The Wonder Years
,,,0.0628,https://api.spotify.com/v1/audio-analysis/2uKmT9sU5YCk0gZyHW3dlz,0.669,202231,0.474,2uKmT9sU5YCk0gZyHW3dlz,0,7,0.164,-9.091,1,0.0259,130.022,4,https://api.spotify.com/v1/tracks/2uKmT9sU5YCk0gZyHW3dlz,audio_features,spotify:track:2uKmT9sU5YCk0gZyHW3dlz,0.392,49,State Champs
,,,0.412,https://api.spotify.com/v1/audio-analysis/46rv0eHo3Ygud6DOqpZjGk,0.477,229709,0.559,46rv0eHo3Ygud6DOqpZjGk,0,9,0.0808,-8.788,1,0.0303,169.23,4,https://api.spotify.com/v1/tracks/46rv0eHo3Ygud6DOqpZjGk,audio_features,spotify:track:46rv0eHo3Ygud6DOqpZjGk,0.719,47,This Wild Life
,,,0.676,https://api.spotify.com/v1/audio-analysis/64lDzdQjv7NWA7jlgHhTZ4,0.557,236238,0.4,64lDzdQjv7NWA7jlgHhTZ4,0,1,0.105,-10.471,0,0.0296,131.978,4,https://api.spotify.com/v1/tracks/64lDzdQjv7NWA7jlgHhTZ4,audio_features,spotify:track:64lDzdQjv7NWA7jlgHhTZ4,0.477,8,blink-182
,,,0.459,https://api.spotify.com/v1/audio-analysis/1ORYXdltGHkcFVNpg85uF2,0.345,154154,0.42,1ORYXdltGHkcFVNpg85uF2,0,6,0.131,-7.238,1,0.0312,133.396,5,https://api.spotify.com/v1/tracks/1ORYXdltGHkcFVNpg85uF2,audio_features,spotify:track:1ORYXdltGHkcFVNpg85uF2,0.394,47,Moose Blood
,,,0.00121,https://api.spotify.com/v1/audio-analysis/3jBvVySFsir2Cn8kGH90Ah,0.651,227813,0.764,3jBvVySFsir2Cn8kGH90Ah,0.0000114,11,0.079,-6.403,1,0.0341,110.022,4,https://api.spotify.com/v1/tracks/3jBvVySFsir2Cn8kGH90Ah,audio_features,spotify:track:3jBvVySFsir2Cn8kGH90Ah,0.658,48,SayWeCanFly
,,,0.606,https://api.spotify.com/v1/audio-analysis/2YkUEpwelHRHR3RmlMJ8hX,0.565,241827,0.497,2YkUEpwelHRHR3RmlMJ8hX,0,9,0.21,-5.797,1,0.0289,84.61,4,https://api.spotify.com/v1/tracks/2YkUEpwelHRHR3RmlMJ8hX,audio_features,spotify:track:2YkUEpwelHRHR3RmlMJ8hX,0.626,0,The Starting Line
,,,0.269,https://api.spotify.com/v1/audio-analysis/3iHeqrtCevKmPIZi5h6m4D,0.838,218538,0.271,3iHeqrtCevKmPIZi5h6m4D,0.00000371,11,0.0943,-9.069,1,0.0406,133.971,4,https://api.spotify.com/v1/tracks/3iHeqrtCevKmPIZi5h6m4D,audio_features,spotify:track:3iHeqrtCevKmPIZi5h6m4D,0.47,1,Brand New
,,,0.0725,https://api.spotify.com/v1/audio-analysis/0phGt447CCeOnXATu4VFks,0.404,279200,0.501,0phGt447CCeOnXATu4VFks,0,6,0.122,-8.183,1,0.0323,178.295,4,https://api.spotify.com/v1/tracks/0phGt447CCeOnXATu4VFks,audio_features,spotify:track:0phGt447CCeOnXATu4VFks,0.276,45,Knuckle Puck
,,,0.000665,https://api.spotify.com/v1/audio-analysis/4wzjNqjKAKDU82e8uMhzmr,0.545,192000,0.932,4wzjNqjKAKDU82e8uMhzmr,0,7,0.127,-2.189,0,0.0399,92.956,4,https://api.spotify.com/v1/tracks/4wzjNqjKAKDU82e8uMhzmr,audio_features,spotify:track:4wzjNqjKAKDU82e8uMhzmr,0.472,76,Panic! At The Disco
,,,0.00272,https://api.spotify.com/v1/audio-analysis/6SpLc7EXZIPpy0sVko0aoU,0.517,211520,0.906,6SpLc7EXZIPpy0sVko0aoU,0.00000926,1,0.113,-3.677,1,0.0735,172.977,4,https://api.spotify.com/v1/tracks/6SpLc7EXZIPpy0sVko0aoU,audio_features,spotify:track:6SpLc7EXZIPpy0sVko0aoU,0.715,73,The Red Jumpsuit Apparatus
,,,0.0938,https://api.spotify.com/v1/audio-analysis/4bPQs0PHn4xbipzdPfn6du,0.567,187613,0.795,4bPQs0PHn4xbipzdPfn6du,0,9,0.114,-4.985,0,0.134,170.06,4,https://api.spotify.com/v1/tracks/4bPQs0PHn4xbipzdPfn6du,audio_features,spotify:track:4bPQs0PHn4xbipzdPfn6du,0.596,71,Paramore
,,,0.00725,https://api.spotify.com/v1/audio-analysis/3ZsexY07D4t4HRq7ogeSAS,0.465,182827,0.896,3ZsexY07D4t4HRq7ogeSAS,0,2,0.206,-3.126,1,0.0795,181.014,4,https://api.spotify.com/v1/tracks/3ZsexY07D4t4HRq7ogeSAS,audio_features,spotify:track:3ZsexY07D4t4HRq7ogeSAS,0.588,71,All Time Low
,,,0.00466,https://api.spotify.com/v1/audio-analysis/1FMm3wG5WOhi7js35KR7Ea,0.55,177827,0.918,1FMm3wG5WOhi7js35KR7Ea,0,9,0.206,-3.159,0,0.0682,126.083,4,https://api.spotify.com/v1/tracks/1FMm3wG5WOhi7js35KR7Ea,audio_features,spotify:track:1FMm3wG5WOhi7js35KR7Ea,0.555,19,The Offspring
,,,0.000706,https://api.spotify.com/v1/audio-analysis/3JOdLCIBzQYwHIvpN3isVf,0.628,191373,0.886,3JOdLCIBzQYwHIvpN3isVf,0,2,0.275,-3.805,1,0.0608,135.45,4,https://api.spotify.com/v1/tracks/3JOdLCIBzQYwHIvpN3isVf,audio_features,spotify:track:3JOdLCIBzQYwHIvpN3isVf,0.729,64,Fall Out Boy
,,,0.00293,https://api.spotify.com/v1/audio-analysis/6L89mwZXSOwYl76YXfX13s,0.442,181533,0.943,6L89mwZXSOwYl76YXfX13s,0.00000871,3,0.091,-3.205,1,0.0602,85.064,4,https://api.spotify.com/v1/tracks/6L89mwZXSOwYl76YXfX13s,audio_features,spotify:track:6L89mwZXSOwYl76YXfX13s,0.794,8,Jimmy Eat World
,,,0.0345,https://api.spotify.com/v1/audio-analysis/2D7tauy2bntJnJQ2C4rO4x,0.639,165853,0.873,2D7tauy2bntJnJQ2C4rO4x,0,2,0.0783,-5.334,1,0.054,162.151,4,https://api.spotify.com/v1/tracks/2D7tauy2bntJnJQ2C4rO4x,audio_features,spotify:track:2D7tauy2bntJnJQ2C4rO4x,0.909,80,Green Day
,,,0.0004,https://api.spotify.com/v1/audio-analysis/5lDriBxJd22IhOH9zTcFrV,0.453,193653,0.942,5lDriBxJd22IhOH9zTcFrV,0.00000265,10,0.667,-4.256,1,0.0466,143.85,4,https://api.spotify.com/v1/tracks/5lDriBxJd22IhOH9zTcFrV,audio_features,spotify:track:5lDriBxJd22IhOH9zTcFrV,0.459,61,My Chemical Romance
,,,0.0506,https://api.spotify.com/v1/audio-analysis/78OBZL4Z6QHdwwloWIh0Lt,0.463,161920,0.857,78OBZL4Z6QHdwwloWIh0Lt,0,4,0.184,-3.063,1,0.0632,111.647,4,https://api.spotify.com/v1/tracks/78OBZL4Z6QHdwwloWIh0Lt,audio_features,spotify:track:78OBZL4Z6QHdwwloWIh0Lt,0.839,70,The All-American Rejects
,,,0.00115,https://api.spotify.com/v1/audio-analysis/4rLKjYqJjLU0Odg52kGL2O,0.42,158733,0.952,4rLKjYqJjLU0Odg52kGL2O,0.0000572,7,0.294,-4.93,1,0.257,191.977,4,https://api.spotify.com/v1/tracks/4rLKjYqJjLU0Odg52kGL2O,audio_features,spotify:track:4rLKjYqJjLU0Odg52kGL2O,0.51,52,Sum 41
,,,0.00494,https://api.spotify.com/v1/audio-analysis/0a7BloCiNzLDD9qSQHh5m7,0.616,180267,0.961,0a7BloCiNzLDD9qSQHh5m7,0,11,0.078,-3.144,0,0.139,114.492,4,https://api.spotify.com/v1/tracks/0a7BloCiNzLDD9qSQHh5m7,audio_features,spotify:track:0a7BloCiNzLDD9qSQHh5m7,0.531,71,Fall Out Boy
,,,0.0000343,https://api.spotify.com/v1/audio-analysis/23oxJmDc1V9uLUSmN2LIvx,0.486,198267,0.904,23oxJmDc1V9uLUSmN2LIvx,0.0000283,6,0.0947,-3.751,0,0.0638,173.734,4,https://api.spotify.com/v1/tracks/23oxJmDc1V9uLUSmN2LIvx,audio_features,spotify:track:23oxJmDc1V9uLUSmN2LIvx,0.763,73,Yellowcard
,,,0.00666,https://api.spotify.com/v1/audio-analysis/0BRHnOFm6sjxN1i9LJrUDu,0.494,175093,0.939,0BRHnOFm6sjxN1i9LJrUDu,0,1,0.139,-3.127,1,0.126,177.751,4,https://api.spotify.com/v1/tracks/0BRHnOFm6sjxN1i9LJrUDu,audio_features,spotify:track:0BRHnOFm6sjxN1i9LJrUDu,0.89,73,Good Charlotte
,,,0.000289,https://api.spotify.com/v1/audio-analysis/7dN52YlyGl6c9tmxdv6zMp,0.217,311107,0.905,7dN52YlyGl6c9tmxdv6zMp,0.00011,2,0.222,-4.103,1,0.0752,96.95,4,https://api.spotify.com/v1/tracks/7dN52YlyGl6c9tmxdv6zMp,audio_features,spotify:track:7dN52YlyGl6c9tmxdv6zMp,0.225,74,Lit
,,,0.00129,https://api.spotify.com/v1/audio-analysis/33iv3wnGMrrDugd7GBso1z,0.494,169027,0.946,33iv3wnGMrrDugd7GBso1z,0,4,0.398,-2.757,1,0.0637,103.408,4,https://api.spotify.com/v1/tracks/33iv3wnGMrrDugd7GBso1z,audio_features,spotify:track:33iv3wnGMrrDugd7GBso1z,0.713,61,My Chemical Romance
,,,0.000642,https://api.spotify.com/v1/audio-analysis/1fJFuvU2ldmeAm5nFIHcPP,0.582,171533,0.914,1fJFuvU2ldmeAm5nFIHcPP,0,0,0.187,-4.269,1,0.0415,95.597,4,https://api.spotify.com/v1/tracks/1fJFuvU2ldmeAm5nFIHcPP,audio_features,spotify:track:1fJFuvU2ldmeAm5nFIHcPP,0.846,67,blink-182
,,,0.000291,https://api.spotify.com/v1/audio-analysis/12mF5rnbbT7jNqiBv8NBFt,0.398,220200,0.978,12mF5rnbbT7jNqiBv8NBFt,0,2,0.0947,-4.001,1,0.133,177.797,4,https://api.spotify.com/v1/tracks/12mF5rnbbT7jNqiBv8NBFt,audio_features,spotify:track:12mF5rnbbT7jNqiBv8NBFt,0.453,65,New Found Glory
,,,0.000633,https://api.spotify.com/v1/audio-analysis/4c7xQ7OsqL6W4RwEQmID7g,0.606,212040,0.888,4c7xQ7OsqL6W4RwEQmID7g,0,9,0.0443,-3.994,1,0.0385,100.031,4,https://api.spotify.com/v1/tracks/4c7xQ7OsqL6W4RwEQmID7g,audio_features,spotify:track:4c7xQ7OsqL6W4RwEQmID7g,0.421,54,Sum 41
,,,0.000171,https://api.spotify.com/v1/audio-analysis/3u7EIgAlwNQtxkM4bOA7uI,0.568,207120,0.836,3u7EIgAlwNQtxkM4bOA7uI,0,9,0.0613,-6.047,1,0.05,116.029,4,https://api.spotify.com/v1/tracks/3u7EIgAlwNQtxkM4bOA7uI,audio_features,spotify:track:3u7EIgAlwNQtxkM4bOA7uI,0.764,56,Fall Out Boy
,,,0.00043,https://api.spotify.com/v1/audio-analysis/2g2a5kDeZexbUTD8abcvm6,0.62,190173,0.93,2g2a5kDeZexbUTD8abcvm6,0,1,0.0686,-3.685,1,0.0374,106.22,4,https://api.spotify.com/v1/tracks/2g2a5kDeZexbUTD8abcvm6,audio_features,spotify:track:2g2a5kDeZexbUTD8abcvm6,0.573,69,Good Charlotte
,,,0.00164,https://api.spotify.com/v1/audio-analysis/3asFGFY3uLjMDmML1p0tYm,0.549,242280,0.93,3asFGFY3uLjMDmML1p0tYm,0.0000667,5,0.39,-3.468,0,0.0487,112.447,4,https://api.spotify.com/v1/tracks/3asFGFY3uLjMDmML1p0tYm,audio_features,spotify:track:3asFGFY3uLjMDmML1p0tYm,0.518,73,Rise Against
,,,0.0142,https://api.spotify.com/v1/audio-analysis/5dTHtzHFPyi8TlTtzoz1J9,0.356,204733,0.96,5dTHtzHFPyi8TlTtzoz1J9,0,4,0.209,-3.487,1,0.104,125.921,4,https://api.spotify.com/v1/tracks/5dTHtzHFPyi8TlTtzoz1J9,audio_features,spotify:track:5dTHtzHFPyi8TlTtzoz1J9,0.0915,73,My Chemical Romance
,,,0.000449,https://api.spotify.com/v1/audio-analysis/1LkoYGxmYpO6QSEvY5C0Zl,0.317,175200,0.887,1LkoYGxmYpO6QSEvY5C0Zl,0.00000923,0,0.363,-4.525,1,0.0472,174.009,4,https://api.spotify.com/v1/tracks/1LkoYGxmYpO6QSEvY5C0Zl,audio_features,spotify:track:1LkoYGxmYpO6QSEvY5C0Zl,0.535,64,Lustra
,,,0.00109,https://api.spotify.com/v1/audio-analysis/47No93LxERvV6MtOAmQzHS,0.522,218627,0.964,47No93LxERvV6MtOAmQzHS,0.000389,11,0.0387,-2.645,0,0.095,170.944,4,https://api.spotify.com/v1/tracks/47No93LxERvV6MtOAmQzHS,audio_features,spotify:track:47No93LxERvV6MtOAmQzHS,0.512,68,Paramore
,,,0.0000778,https://api.spotify.com/v1/audio-analysis/4jVhSbMMHctghoOTFuLPB2,0.54,233267,0.691,4jVhSbMMHctghoOTFuLPB2,0.331,7,0.0413,-5.888,1,0.0306,127.946,4,https://api.spotify.com/v1/tracks/4jVhSbMMHctghoOTFuLPB2,audio_features,spotify:track:4jVhSbMMHctghoOTFuLPB2,0.361,64,The All-American Rejects
,,,0.0021,https://api.spotify.com/v1/audio-analysis/27L8sESb3KR79asDUBu8nW,0.774,197987,0.75,27L8sESb3KR79asDUBu8nW,0.0000185,11,0.0808,-4.927,0,0.0413,118.015,4,https://api.spotify.com/v1/tracks/27L8sESb3KR79asDUBu8nW,audio_features,spotify:track:27L8sESb3KR79asDUBu8nW,0.901,73,Fountains Of Wayne
,,,0.000246,https://api.spotify.com/v1/audio-analysis/4UuHWIkAWnN176A2rx7YFB,0.607,193000,0.878,4UuHWIkAWnN176A2rx7YFB,0,4,0.337,-4.422,1,0.0665,119.955,4,https://api.spotify.com/v1/tracks/4UuHWIkAWnN176A2rx7YFB,audio_features,spotify:track:4UuHWIkAWnN176A2rx7YFB,0.852,72,Bowling For Soup
,,,0.000457,https://api.spotify.com/v1/audio-analysis/3tWudnj1NK7YUfnR91nezW,0.567,178280,0.919,3tWudnj1NK7YUfnR91nezW,0,9,0.0679,-5.424,1,0.0653,98.057,4,https://api.spotify.com/v1/tracks/3tWudnj1NK7YUfnR91nezW,audio_features,spotify:track:3tWudnj1NK7YUfnR91nezW,0.632,53,Sum 41
,,,0.0000253,https://api.spotify.com/v1/audio-analysis/45zvStEMsXp8z45OQRhWFJ,0.381,174320,0.984,45zvStEMsXp8z45OQRhWFJ,0.0000691,1,0.27,-2.42,1,0.0638,186.081,4,https://api.spotify.com/v1/tracks/45zvStEMsXp8z45OQRhWFJ,audio_features,spotify:track:45zvStEMsXp8z45OQRhWFJ,0.81,64,Green Day
,,,0.00599,https://api.spotify.com/v1/audio-analysis/4sQJXbtxwoKHG7PwMRJ0Ig,0.52,179600,0.945,4sQJXbtxwoKHG7PwMRJ0Ig,0.0000497,1,0.0495,-4.197,1,0.0335,99.603,4,https://api.spotify.com/v1/tracks/4sQJXbtxwoKHG7PwMRJ0Ig,audio_features,spotify:track:4sQJXbtxwoKHG7PwMRJ0Ig,0.803,24,The Offspring
